Wteam,Lteam,Wloc
138,180,H
138,145,H
138,187,H
138,131,H
14,138,H
138,61,V
138,47,V
47,138,V
152,138,H
103,138,V
180,138,H
187,138,H
138,110,V
201,138,V
159,138,V
117,138,H
173,138,H
82,138,V
138,110,H
124,138,H
180,138,V
138,166,V
138,124,H
89,138,H
152,138,V
138,145,H
138,21,H
201,138,V
138,131,H
138,28,H
138,0,H
138,103,H
138,194,H
40,138,V
68,138,V
110,138,H
40,138,H
54,138,H
138,110,H
173,138,V
159,138,H
201,138,H
180,138,H
117,138,H
187,138,H
138,124,V
138,152,H
103,138,H
146,139,V
139,1,H
139,48,H
160,139,H
153,139,H
139,83,H
90,139,V
22,139,V
118,139,V
139,167,H
139,132,H
167,139,H
118,139,V
139,104,V
139,160,H
118,139,H
139,146,H
139,160,V
55,139,H
139,97,V
188,139,V
139,167,V
41,139,V
29,139,V
132,139,H
111,139,V
139,195,V
139,167,H
195,139,V
153,139,H
139,104,H
104,139,H
174,139,V
202,139,V
174,139,H
181,139,H
202,139,V
140,161,V
189,140,V
140,147,V
168,140,H
140,9,H
154,140,H
105,140,V
140,112,V
140,35,H
105,140,H
140,112,H
140,105,H
140,23,H
140,16,V
140,35,V
140,84,V
91,140,H
140,196,H
168,140,H
154,140,V
140,133,V
140,56,H
140,42,H
140,147,H
147,140,H
189,140,V
105,140,H
84,140,V
203,140,H
140,196,V
140,119,H
2,140,H
30,140,H
140,175,H
140,161,H
119,140,H
182,140,V
133,140,H
140,161,H
140,203,H
140,112,V
23,140,H
56,140,H
140,63,H
182,140,V
140,49,H
140,16,H
2,140,V
140,182,V
140,98,H
140,154,H
140,126,H
133,140,V
140,112,H
119,140,V
154,140,H
140,105,H
140,105,H
203,140,H
203,140,V
140,203,H
203,140,H
141,57,V
141,120,H
141,134,V
190,141,V
141,197,V
120,141,H
141,169,V
141,64,H
183,141,H
141,176,H
183,141,V
162,141,H
141,155,H
141,162,H
141,10,V
141,92,V
141,85,V
141,71,V
141,99,V
141,31,V
36,141,H
106,141,V
120,141,H
141,197,V
113,141,V
141,127,H
99,141,V
141,148,H
141,134,V
141,3,H
162,141,H
141,57,H
141,169,V
141,36,H
141,17,V
3,141,H
141,50,V
141,24,V
141,43,V
141,71,H
141,162,H
141,176,H
148,141,H
141,127,V
141,92,H
141,31,H
141,190,H
141,176,V
204,141,H
141,169,H
141,155,V
127,141,H
141,106,V
141,148,V
148,141,H
148,141,V
148,141,H
141,148,H
148,141,H
142,149,H
142,184,V
205,142,V
142,135,H
142,86,V
142,18,V
142,93,H
142,198,H
142,114,V
142,184,H
142,177,V
142,198,V
142,170,H
149,142,H
142,65,H
142,121,H
142,135,V
142,107,H
142,184,H
4,142,V
135,142,H
142,163,H
142,170,V
142,177,H
142,51,V
142,58,V
142,114,V
142,205,H
25,142,H
142,100,V
142,65,V
37,142,H
142,32,H
142,149,H
142,163,V
107,142,H
142,51,H
142,156,H
142,72,H
142,198,H
142,135,H
142,100,H
142,128,V
142,149,V
142,163,H
142,177,V
198,142,H
142,128,H
142,114,H
142,198,H
142,198,H
142,191,H
191,142,V
191,142,H
142,191,V
142,191,H
142,191,V
142,184,H
142,184,H
142,184,V
184,142,H
142,184,H
11,142,V
11,142,H
142,11,V
142,11,V
143,199,H
143,185,V
143,199,V
143,192,H
143,108,H
143,171,V
143,192,V
143,115,V
143,38,H
143,66,H
143,150,V
143,108,V
143,157,H
143,171,H
143,66,V
143,38,V
143,26,V
143,45,V
33,143,H
143,33,H
143,12,H
178,143,H
143,185,V
143,108,H
143,157,V
143,129,V
143,171,V
143,87,H
108,143,H
143,12,V
143,5,V
143,26,H
143,206,H
143,59,V
143,52,V
143,185,H
129,143,H
143,150,V
143,87,V
143,94,V
143,122,V
143,122,H
157,143,H
143,94,H
143,136,H
143,129,H
143,164,H
143,199,H
143,52,H
143,178,V
143,115,V
143,101,H
143,136,V
45,143,V
115,143,V
143,206,H
143,192,V
185,143,H
143,185,V
143,185,H
143,129,H
143,129,H
143,129,H
122,143,V
143,122,H
122,143,H
143,122,V
143,122,H
143,12,V
12,143,V
12,143,H
12,143,V
207,144,V
144,200,V
144,165,V
144,130,V
144,123,H
158,144,H
144,200,H
144,179,H
144,109,V
144,165,H
144,67,V
144,27,V
144,158,V
186,144,V
144,27,H
144,151,V
144,137,V
193,144,H
144,116,V
144,200,V
144,53,H
144,130,H
144,39,V
13,144,H
144,67,H
193,144,V
144,13,H
144,186,V
144,95,V
88,144,H
144,151,H
144,130,V
144,6,H
144,123,V
144,39,H
144,60,V
102,144,H
144,53,V
116,144,H
207,144,H
144,60,H
144,123,V
144,172,H
144,193,H
144,186,V
144,186,H
144,102,H
144,165,V
144,200,H
137,144,V
144,158,H
144,130,H
144,130,V
144,137,H
144,137,H
144,137,V
144,207,H
144,13,H
144,13,H
144,13,V
82,54,V
82,89,H
131,82,V
40,82,V
82,61,H
21,82,V
89,82,H
82,54,H
82,14,H
82,7,V
82,68,H
82,28,V
82,131,V
82,166,V
82,194,H
82,7,H
82,96,V
173,82,V
82,159,V
82,152,V
82,47,H
82,138,H
82,28,V
103,82,H
0,82,H
68,82,V
47,82,H
82,117,V
82,7,H
82,89,V
82,145,H
82,14,V
40,82,H
82,21,V
82,166,H
0,82,H
47,82,V
89,82,V
0,82,V
124,82,V
82,152,H
82,187,H
82,201,H
82,68,V
82,54,H
82,180,H
7,82,H
82,110,V
28,82,V
82,40,H
82,54,H
82,54,H
82,40,H
82,40,V
82,40,H
0,82,H
82,0,V
82,0,H
82,0,V
82,173,H
173,82,V
173,82,H
173,82,H
83,174,V
83,41,H
83,111,V
69,83,V
83,22,H
83,69,V
146,83,H
104,83,H
83,202,H
83,153,H
83,55,H
83,8,H
83,15,V
83,48,H
83,1,H
83,195,H
83,55,V
83,62,H
90,83,H
83,69,V
83,8,V
83,167,H
132,83,H
153,83,H
83,69,H
90,83,H
1,83,H
83,55,V
83,90,H
83,160,H
83,15,V
22,83,H
83,174,H
83,62,V
83,15,H
41,83,V
83,48,V
83,62,H
97,83,V
41,83,H
83,48,H
83,48,H
83,48,V
48,83,H
22,83,H
83,22,H
83,41,H
41,83,H
83,41,V
118,83,H
83,118,H
84,35,H
189,84,H
84,182,V
147,84,H
84,105,V
84,30,H
84,9,H
84,203,H
98,84,H
49,84,V
84,70,H
84,119,H
16,84,H
84,91,V
84,175,H
2,84,V
126,84,H
84,16,H
84,35,V
23,84,H
84,63,V
84,182,H
84,147,H
84,126,H
84,119,V
84,2,V
84,56,V
84,168,H
84,23,H
84,70,H
84,30,V
84,63,V
84,42,V
84,91,V
2,84,H
84,196,V
84,203,V
49,84,V
84,56,H
84,30,H
84,98,V
84,2,H
84,9,V
84,91,H
84,30,H
84,30,H
84,30,V
84,30,V
2,84,V
84,2,V
84,2,H
84,23,H
23,84,V
84,23,V
23,84,H
84,23,H
203,84,V
84,203,H
84,203,V
203,84,H
84,203,H
84,203,H
85,3,H
57,85,H
36,85,H
85,99,H
85,64,V
85,148,H
43,85,V
85,31,H
85,176,H
85,71,H
85,162,H
85,10,V
17,85,V
3,85,H
85,113,V
85,17,V
24,85,H
85,10,H
85,134,H
85,24,H
85,169,H
85,71,H
85,155,V
85,127,V
85,106,V
85,92,V
50,85,H
99,85,H
85,57,V
71,85,H
85,43,H
85,155,H
85,204,H
120,85,V
85,148,V
134,85,H
85,162,V
85,120,V
85,3,H
85,50,H
183,85,H
204,85,H
85,99,H
36,85,V
106,85,V
85,183,H
85,10,V
197,85,H
24,85,H
85,17,V
36,85,V
190,85,H
85,24,H
71,85,H
85,36,H
85,36,V
85,36,H
85,24,H
85,24,H
85,24,H
204,85,H
85,204,V
204,85,V
204,85,H
86,58,V
86,65,H
184,86,V
86,114,H
86,177,V
25,86,V
72,86,H
149,86,V
86,93,V
100,86,H
72,86,V
32,86,H
86,163,V
107,86,H
4,86,V
86,37,V
135,86,V
100,86,V
86,11,H
191,86,V
93,86,V
25,86,H
86,37,H
86,156,V
142,86,H
86,170,V
86,4,V
86,44,V
86,51,H
11,86,H
86,58,H
86,93,V
72,86,V
86,163,H
86,156,H
100,86,H
44,86,V
86,37,H
65,86,H
86,11,H
86,128,H
32,86,H
86,44,V
86,18,H
11,86,H
25,86,H
4,86,V
65,86,V
86,93,H
86,58,V
87,185,H
73,87,V
87,115,V
87,66,H
87,136,H
115,87,V
87,171,H
87,52,H
19,87,H
26,87,H
87,192,H
87,73,V
66,87,V
87,129,H
87,94,V
38,87,V
192,87,H
87,178,H
87,101,V
87,26,H
87,164,V
136,87,H
87,108,V
122,87,H
33,87,V
101,87,H
66,87,H
87,5,V
87,38,V
87,33,V
185,87,H
87,178,V
206,87,V
87,73,V
87,26,H
87,52,V
87,5,H
87,164,H
87,59,V
33,87,H
87,5,V
87,199,V
87,38,H
87,171,V
129,87,H
87,5,H
94,87,H
87,94,H
87,19,V
87,66,V
66,87,V
66,87,H
87,66,H
88,95,V
207,88,V
88,172,H
67,88,H
123,88,H
6,88,V
207,88,H
74,88,V
88,34,H
88,102,V
60,88,H
88,193,V
46,88,V
88,137,V
130,88,H
6,88,H
88,102,H
46,88,V
200,88,H
123,88,V
46,88,H
158,88,H
151,88,H
144,88,H
88,34,H
88,74,H
88,60,H
88,34,V
88,39,V
60,88,H
95,88,V
88,186,V
88,74,V
88,27,H
179,88,H
88,60,H
95,88,H
88,13,H
88,67,H
27,88,H
88,200,H
88,116,H
130,88,V
88,165,H
46,88,H
67,88,H
88,102,V
88,13,H
88,102,H
173,103,V
103,173,V
173,40,H
173,187,V
173,54,H
173,194,H
173,68,V
173,14,H
173,117,V
173,82,H
173,180,H
173,110,H
173,131,V
173,131,H
28,173,V
173,124,H
173,159,H
201,173,V
28,173,H
173,124,H
117,173,V
89,173,V
21,173,H
201,173,H
187,173,H
0,173,H
173,145,H
173,180,H
173,47,V
173,40,V
173,7,H
173,166,V
173,159,V
173,131,H
173,96,V
173,61,V
173,54,V
173,21,H
194,173,H
152,173,V
124,173,H
173,138,H
173,110,H
173,159,V
138,173,H
124,173,H
173,145,H
173,159,H
173,180,V
173,124,H
124,173,H
173,124,H
173,152,H
173,152,H
173,117,H
117,173,V
173,117,V
82,173,V
173,82,V
104,174,V
118,174,H
174,62,H
111,174,H
174,118,H
202,174,H
174,41,V
174,29,H
153,174,H
146,174,H
174,132,V
174,195,V
111,174,V
174,132,H
174,160,V
118,174,V
22,174,V
174,104,V
174,111,V
174,146,H
174,104,H
48,174,H
174,41,H
153,174,V
174,132,H
118,174,H
174,48,H
160,174,H
167,174,H
139,174,H
174,97,H
174,202,H
174,104,V
202,174,H
174,181,V
174,90,V
146,174,V
188,174,H
174,125,V
153,174,H
132,174,H
174,181,H
1,174,H
49,175,H
112,175,V
175,98,H
23,175,H
175,9,V
140,175,V
175,49,H
56,175,H
175,161,V
175,168,H
42,175,H
189,175,H
105,175,V
203,175,V
196,175,V
133,175,H
147,175,H
175,189,H
175,182,H
119,175,V
175,91,V
203,175,V
175,161,H
119,175,H
175,126,H
175,140,H
175,91,H
175,196,V
154,175,V
30,175,V
189,175,H
175,35,V
175,182,H
175,16,V
175,112,V
175,30,V
175,9,H
119,175,V
175,70,V
175,42,H
175,147,H
23,175,V
154,175,H
175,126,V
161,175,V
175,105,H
189,175,V
175,196,H
176,71,H
183,176,H
176,190,H
120,176,H
176,57,H
176,183,H
106,176,H
176,197,V
169,176,H
162,176,H
204,176,V
176,3,V
176,99,V
176,155,H
176,197,H
148,176,H
176,162,V
127,176,V
64,176,H
176,169,H
176,190,V
176,134,H
176,24,V
176,57,V
176,50,V
176,197,H
3,176,V
204,176,H
106,176,H
176,127,H
176,134,V
176,120,V
113,176,V
176,106,H
36,176,V
148,176,V
176,169,H
176,148,V
176,155,V
176,134,V
176,162,H
204,176,V
204,176,H
176,204,H
204,176,H
205,177,H
177,135,H
177,198,V
128,177,H
177,135,V
177,170,H
177,58,H
177,114,H
177,100,V
177,156,H
184,177,H
25,177,V
177,51,H
177,58,V
177,4,V
177,32,H
177,198,H
72,177,V
177,100,H
177,44,V
177,11,V
177,37,V
18,177,V
107,177,H
177,107,H
4,177,V
198,177,H
177,86,V
177,93,V
177,114,H
177,170,V
177,135,H
177,184,H
177,65,H
37,177,V
177,198,H
128,177,H
142,177,H
177,156,V
177,149,H
177,121,H
191,177,V
163,177,H
177,205,H
205,177,H
25,177,H
177,121,V
135,177,H
177,128,H
184,177,H
184,177,V
184,177,H
178,164,V
150,178,H
66,178,V
178,199,H
199,178,H
178,59,V
178,136,H
122,178,H
192,178,H
178,108,H
171,178,H
178,129,V
185,178,V
178,101,V
73,178,V
178,164,H
26,178,H
66,178,H
178,171,H
178,199,V
12,178,V
122,178,H
178,115,H
122,178,V
185,178,H
178,157,V
143,178,H
178,164,H
94,178,H
122,178,V
178,108,H
171,178,V
108,178,H
150,178,V
19,178,V
12,178,H
178,129,H
129,178,H
143,178,H
171,178,H
178,52,H
178,19,V
178,192,H
150,178,H
178,136,V
206,178,V
122,178,H
178,122,V
122,178,V
122,178,H
27,179,H
186,179,V
186,179,H
137,179,H
130,179,V
179,34,H
179,158,V
46,179,H
193,179,V
207,179,H
151,179,V
13,179,H
179,200,H
179,6,H
179,27,H
186,179,H
20,179,V
179,172,H
200,179,H
179,158,V
144,179,H
74,179,V
116,179,H
179,165,V
179,158,H
123,179,H
179,207,V
179,130,V
130,179,V
179,95,H
46,179,V
116,179,H
179,200,H
165,179,V
179,102,V
60,179,H
179,39,V
144,179,V
179,151,H
67,179,V
123,179,V
193,179,H
179,34,V
172,179,H
207,179,V
165,179,H
109,179,V
68,54,V
21,54,H
96,54,H
54,21,H
7,54,V
201,54,H
7,54,H
54,28,H
68,54,H
54,7,H
40,54,V
54,194,H
54,145,H
152,54,V
0,54,H
40,54,H
54,103,V
138,54,H
54,159,V
152,54,H
194,54,H
54,0,H
54,131,H
54,61,V
54,103,H
47,54,H
89,54,V
54,201,H
54,96,H
54,14,H
54,110,H
54,21,V
117,54,V
54,40,H
28,54,H
166,54,V
54,0,V
40,54,H
89,54,V
14,54,V
82,54,V
54,82,H
125,55,H
55,139,V
55,15,H
55,62,H
55,22,H
55,167,H
48,55,H
55,97,V
55,69,H
55,97,H
55,15,H
55,90,H
55,1,H
55,69,V
146,55,V
55,8,V
90,55,H
174,55,V
111,55,H
188,55,H
181,55,H
55,15,V
118,55,V
29,55,H
55,41,H
202,55,H
55,8,H
97,55,H
62,55,V
90,55,V
41,55,H
55,62,V
22,55,V
55,8,V
55,22,V
55,29,V
15,55,H
55,1,V
55,1,H
55,1,H
55,1,H
41,55,H
41,55,H
56,105,H
49,56,H
56,42,V
56,63,V
30,56,V
56,133,H
56,9,H
56,63,H
9,56,H
119,56,V
56,161,H
2,56,H
42,56,H
56,16,H
154,56,V
175,56,H
182,56,H
56,189,V
56,154,V
161,56,H
119,56,H
203,56,H
35,56,V
63,56,H
196,56,V
56,63,H
30,56,H
189,56,V
56,168,H
23,56,V
147,56,V
30,56,H
112,56,H
49,56,H
42,56,V
70,56,H
84,56,H
91,56,H
56,35,H
84,56,V
56,126,H
147,56,H
56,168,V
133,56,H
56,9,V
56,70,V
35,56,H
70,56,V
56,98,V
56,23,V
57,3,H
99,57,V
57,10,H
10,57,H
204,57,V
57,183,H
197,57,H
64,57,V
92,57,H
197,57,V
57,92,H
127,57,V
36,57,H
31,57,H
57,169,V
17,57,V
3,57,H
57,50,V
64,57,V
120,57,V
71,57,V
17,57,H
36,57,H
43,57,V
155,57,V
148,57,H
134,57,H
10,57,V
99,57,V
92,57,H
120,57,H
134,57,V
50,57,H
169,57,V
190,57,V
204,57,H
183,57,H
57,17,H
71,57,H
36,57,V
64,57,H
190,57,H
57,43,H
184,58,V
4,58,V
65,58,H
205,58,H
51,58,H
128,58,V
205,58,V
58,114,V
121,58,V
58,18,V
191,58,V
44,58,V
58,93,V
128,58,H
135,58,H
142,58,H
149,58,H
32,58,V
58,37,V
58,25,H
72,58,V
65,58,H
58,198,H
18,58,H
51,58,V
65,58,V
198,58,H
72,58,H
58,107,H
25,58,V
58,100,H
25,58,H
65,58,V
121,58,H
135,58,V
58,72,H
58,170,H
44,58,H
58,51,H
156,58,H
170,58,H
51,58,H
4,58,H
32,58,V
136,59,V
33,59,H
5,59,V
66,59,V
122,59,H
206,59,H
26,59,V
87,59,H
45,59,H
192,59,H
52,59,H
108,59,V
38,59,H
66,59,H
5,59,H
52,59,V
12,59,H
192,59,V
59,164,V
136,59,H
59,171,V
59,115,H
73,59,V
12,59,V
5,59,V
59,94,V
45,59,V
59,164,H
101,59,H
59,38,H
150,59,V
171,59,V
199,59,H
178,59,H
94,59,V
19,59,H
94,59,H
101,59,H
122,59,V
45,59,V
129,59,H
59,199,H
33,59,V
66,59,H
95,60,V
13,60,V
27,60,H
60,102,H
116,60,H
6,60,V
13,60,V
67,60,H
193,60,H
60,200,V
60,20,V
67,60,V
137,60,H
60,109,V
60,116,H
46,60,H
60,39,V
60,53,H
102,60,H
60,67,H
60,151,H
186,60,V
6,60,H
179,60,H
207,60,H
207,60,V
60,95,V
60,102,H
53,60,H
20,60,V
34,60,V
151,60,H
60,46,H
95,60,H
123,60,H
60,6,V
27,60,H
60,39,V
13,60,H
67,60,H
39,60,V
34,60,V
53,60,H
166,110,V
166,7,V
166,61,H
152,166,V
110,166,V
159,166,H
14,166,V
194,166,V
131,166,H
0,166,V
21,166,V
152,166,H
173,166,V
145,166,H
194,166,H
117,166,H
28,166,V
166,187,H
68,166,V
166,103,H
61,166,H
96,166,H
40,166,H
166,47,V
14,166,H
68,166,H
124,166,V
138,166,H
166,124,V
166,152,V
40,166,V
201,166,V
131,166,V
117,166,V
166,159,V
117,166,H
166,89,V
187,166,H
124,166,V
180,166,V
89,166,V
7,166,V
166,110,V
0,166,H
166,28,V
166,21,V
166,159,H
103,166,H
103,166,V
166,131,H
166,180,V
201,166,H
166,138,V
152,166,V
48,167,V
104,167,H
167,29,H
167,62,V
181,167,H
174,167,H
111,167,H
167,22,H
167,202,V
125,167,H
104,167,V
132,167,H
167,125,H
167,195,V
167,118,H
1,167,H
15,167,H
8,167,H
167,132,H
153,167,H
104,167,H
69,167,V
15,167,V
167,41,H
132,167,V
167,111,H
160,167,V
146,167,H
181,167,V
174,167,H
195,167,H
118,167,H
202,167,V
118,167,V
118,167,H
167,153,H
2,168,H
112,168,H
23,168,H
203,168,V
154,168,H
35,168,V
168,154,H
133,168,H
112,168,V
23,168,V
147,168,H
168,126,V
30,168,H
105,168,V
161,168,H
147,168,H
168,126,H
168,49,H
168,42,H
16,168,H
168,9,V
168,63,V
189,168,V
175,168,V
84,168,V
168,9,H
189,168,H
161,168,V
119,168,V
105,168,H
168,98,V
42,168,H
168,182,H
189,168,H
175,168,H
203,168,V
70,168,H
196,168,H
168,91,V
105,168,V
140,168,H
30,168,V
154,168,H
168,140,V
182,168,V
168,196,H
182,168,H
119,168,H
147,168,V
169,106,H
141,169,H
71,169,V
127,169,H
127,169,V
17,169,V
190,169,V
169,162,H
169,162,V
148,169,H
148,169,V
120,169,V
169,134,V
134,169,V
162,169,H
169,183,H
71,169,H
169,92,V
197,169,V
169,85,H
204,169,H
169,183,V
169,127,H
169,92,H
169,10,H
24,169,H
169,113,V
190,169,H
120,169,H
169,197,V
183,169,H
24,169,V
106,169,V
134,169,H
190,169,V
204,169,H
169,3,H
169,64,H
10,169,H
169,43,H
169,106,V
155,169,H
17,169,H
3,169,H
113,169,H
204,169,V
50,169,V
169,197,V
169,155,H
176,169,V
127,169,H
148,169,H
162,169,V
142,170,V
170,128,H
170,107,V
170,107,H
191,170,H
198,170,V
170,4,H
170,114,V
184,170,H
205,170,H
191,170,V
65,170,V
170,25,H
184,170,V
170,156,H
37,170,H
44,170,H
177,170,V
128,170,H
37,170,V
65,170,H
170,25,V
4,170,H
32,170,H
149,170,H
170,191,H
205,170,V
128,170,V
170,51,V
205,170,H
93,170,H
72,170,H
72,170,V
198,170,H
184,170,H
170,114,H
135,170,H
121,170,H
170,156,H
170,156,V
150,171,V
150,171,H
192,171,V
164,171,H
206,171,V
171,38,H
171,66,H
171,94,V
45,171,V
122,171,H
171,136,H
171,185,H
115,171,H
101,171,H
171,26,V
143,171,H
171,122,V
199,171,V
171,136,V
171,150,V
171,73,H
171,26,H
192,171,H
171,33,H
12,171,H
171,108,H
171,108,V
206,171,V
150,171,V
192,171,H
199,171,H
94,171,V
136,171,V
171,157,V
171,52,V
115,171,H
171,101,H
171,108,V
129,171,V
115,171,V
171,164,V
207,172,V
172,116,H
74,172,H
95,172,H
34,172,H
207,172,V
151,172,V
172,67,H
172,123,H
186,172,V
172,39,V
172,158,H
186,172,H
172,130,H
172,137,V
172,60,H
130,172,H
172,109,V
88,172,V
144,172,V
172,20,H
123,172,V
172,20,V
172,13,V
27,172,H
60,172,H
165,172,V
172,144,H
6,172,V
172,46,H
172,74,H
172,200,H
172,158,V
172,109,H
116,172,V
39,172,V
109,172,H
172,95,H
172,165,V
123,172,H
207,172,H
172,151,V
172,193,H
137,172,V
200,172,H
172,116,V
158,172,H
172,165,H
124,159,H
159,131,V
152,159,V
201,159,V
159,68,V
187,159,H
159,152,V
82,159,H
89,159,H
0,159,V
159,145,H
103,159,H
159,21,H
159,96,H
124,159,H
145,159,H
159,14,H
103,159,H
159,124,H
159,47,V
159,7,V
159,96,V
117,159,V
159,138,V
159,138,H
159,131,V
159,131,H
159,61,V
40,159,H
103,159,V
194,159,H
159,145,V
152,159,H
194,159,V
159,145,H
201,159,H
0,159,H
194,159,H
159,110,H
159,201,H
118,160,H
160,29,H
153,160,H
8,160,V
202,160,H
160,48,V
160,41,V
174,160,H
62,160,V
160,195,V
181,160,H
160,69,V
160,153,H
160,111,H
160,146,H
160,167,H
111,160,V
160,15,H
160,181,H
160,22,V
160,8,V
160,195,H
104,160,H
160,111,V
188,160,H
160,181,V
202,160,H
160,125,H
118,160,V
104,160,V
161,16,H
91,161,H
84,161,H
161,105,H
2,161,V
154,161,H
161,196,H
16,161,H
63,161,H
49,161,H
189,161,H
147,161,H
161,133,H
147,161,V
49,161,V
112,161,H
133,161,V
189,161,V
30,161,H
42,161,H
161,147,H
161,154,H
175,161,V
161,189,V
196,161,H
119,161,H
161,126,V
42,161,V
203,161,V
161,112,H
161,70,H
63,161,V
168,161,H
161,182,H
98,161,H
98,161,V
35,161,V
168,161,V
23,161,V
147,161,H
140,161,V
182,161,H
112,161,H
105,161,H
162,127,H
162,134,H
204,162,H
162,197,H
127,162,H
36,162,V
162,127,H
134,162,V
162,155,V
204,162,V
162,155,H
162,57,H
190,162,V
162,113,V
190,162,H
17,162,H
50,162,H
162,106,H
162,24,H
99,162,V
162,57,V
162,31,V
3,162,V
162,43,H
162,204,H
183,162,V
134,162,H
148,162,H
10,162,V
162,43,V
162,92,H
162,17,H
155,162,H
148,162,V
162,127,V
162,120,H
162,197,V
204,162,H
190,162,V
163,156,H
135,163,H
191,163,V
170,163,V
163,142,H
163,37,H
149,163,H
163,44,V
163,25,V
163,107,H
107,163,H
93,163,V
163,25,H
163,177,V
32,163,V
163,51,V
163,100,V
198,163,H
163,65,H
163,32,V
191,163,H
163,11,H
163,114,H
163,156,H
163,128,H
184,163,V
149,163,V
163,100,H
163,4,H
191,163,V
170,163,H
44,163,V
163,107,V
163,121,H
205,163,V
163,37,V
163,51,H
163,198,H
163,184,V
170,163,V
121,163,V
128,163,H
163,135,H
72,163,H
205,163,H
149,163,V
164,129,H
122,164,H
164,150,H
164,157,H
164,108,V
199,164,V
143,164,V
101,164,H
192,164,H
164,5,V
164,94,H
129,164,V
164,115,H
143,164,H
164,199,H
33,164,V
136,164,H
108,164,V
206,164,H
122,164,H
171,164,H
157,164,H
115,164,H
164,73,H
12,164,H
52,164,H
66,164,V
185,164,V
136,164,V
122,164,V
164,94,V
164,192,V
52,164,V
108,164,H
192,164,V
164,157,H
171,164,H
45,164,V
33,164,H
136,164,V
164,185,V
164,150,H
151,165,H
165,200,V
158,165,H
165,20,H
39,165,V
109,165,H
60,165,H
165,95,V
109,165,V
165,74,H
144,165,H
137,165,H
27,165,V
165,158,V
165,53,H
207,165,V
116,165,H
186,165,V
165,60,H
186,165,H
207,165,H
165,67,H
165,88,H
165,179,V
13,165,V
165,207,H
165,67,V
109,165,V
151,165,V
34,165,V
200,165,H
165,6,H
186,165,H
200,165,V
165,158,H
6,165,H
34,165,H
165,46,H
102,165,V
130,165,V
95,165,V
20,165,H
74,165,H
186,165,V
0,14,H
0,124,H
47,0,V
40,0,H
0,103,H
0,138,H
0,96,H
0,180,V
0,173,V
103,0,H
89,0,V
40,0,H
0,180,H
0,117,H
0,7,V
0,110,H
0,21,H
145,0,V
47,0,H
0,14,V
0,28,H
0,7,H
0,61,H
0,40,H
0,21,V
0,89,H
0,145,V
124,0,H
0,194,V
0,96,V
68,0,H
0,131,H
0,96,H
21,0,H
0,68,V
0,14,V
0,61,H
0,40,H
0,89,V
0,21,H
0,21,H
68,0,V
68,0,H
0,68,H
82,0,H
1,167,V
1,146,V
1,188,H
1,90,V
1,97,H
1,41,V
1,8,V
22,1,V
1,29,H
1,97,V
1,29,V
41,1,H
1,29,H
1,195,H
1,8,V
1,55,V
1,132,H
1,48,H
125,1,V
1,55,H
1,90,V
1,62,V
104,1,V
118,1,H
181,1,V
1,41,H
1,83,H
97,1,V
83,1,H
1,22,V
1,55,H
2,9,V
2,91,H
119,2,V
147,2,H
182,2,H
2,30,V
2,175,H
2,9,V
2,16,V
147,2,V
2,49,V
70,2,H
30,2,V
2,49,V
161,2,V
2,42,V
2,154,H
98,2,H
2,30,V
35,2,H
2,70,V
23,2,H
2,133,V
203,2,V
119,2,H
9,2,V
2,56,H
2,35,H
154,2,H
168,2,H
105,2,V
126,2,V
2,23,H
2,112,V
175,2,H
2,16,H
2,35,V
2,91,H
16,2,H
2,49,H
2,91,V
2,98,H
35,2,H
2,35,H
2,35,H
2,35,V
84,2,V
3,50,H
24,3,H
3,134,H
3,10,H
3,64,V
3,24,H
106,3,H
127,3,H
148,3,H
134,3,H
3,17,V
197,3,V
17,3,V
3,31,V
64,3,V
3,10,H
3,190,V
64,3,V
3,71,H
3,31,V
99,3,V
3,92,V
3,155,H
3,10,V
148,3,V
3,204,V
197,3,H
3,155,V
3,36,H
3,106,H
3,71,V
3,50,H
36,3,H
190,3,V
3,85,H
204,3,V
3,183,H
120,3,V
24,3,H
3,57,H
127,3,V
3,113,V
3,17,H
50,3,H
99,3,V
99,3,V
99,3,V
4,51,V
4,93,H
44,4,V
4,18,H
25,4,V
4,149,V
128,4,H
4,135,V
107,4,H
4,37,V
142,4,V
4,128,H
72,4,H
4,51,H
4,191,V
4,100,V
4,198,H
4,44,H
4,184,H
135,4,V
100,4,H
93,4,V
11,4,H
4,205,H
156,4,H
184,4,H
4,93,V
18,4,H
4,114,H
149,4,V
4,100,H
4,121,H
25,4,H
121,4,H
4,25,H
4,65,H
4,65,V
32,4,H
4,18,H
93,4,H
4,37,V
4,72,H
4,32,H
4,32,V
32,4,H
32,4,V
4,32,V
4,11,V
11,4,H
4,11,H
11,4,H
5,12,H
5,38,V
19,5,H
115,5,V
5,164,V
143,5,H
26,5,H
5,206,H
5,108,H
45,5,H
5,199,H
5,192,H
19,5,V
52,5,H
5,122,V
5,26,H
5,52,H
5,66,V
5,33,H
73,5,H
101,5,V
178,5,V
5,12,V
150,5,H
5,171,V
108,5,H
73,5,V
12,5,H
5,157,H
129,5,V
94,5,H
5,185,H
5,33,H
5,66,V
101,5,H
5,38,H
5,136,H
52,5,H
94,5,H
73,5,V
5,26,V
5,185,V
19,5,V
5,12,H
5,199,V
5,59,H
6,46,H
6,39,V
53,6,V
27,6,H
6,95,H
6,102,H
6,137,V
6,158,V
109,6,H
6,13,H
20,6,H
6,207,H
6,20,H
102,6,V
6,39,H
27,6,H
34,6,V
6,13,V
6,67,H
123,6,V
6,193,V
6,172,H
6,95,V
74,6,V
88,6,V
6,123,V
116,6,H
6,46,H
6,13,V
109,6,V
6,144,H
151,6,V
20,6,H
95,6,H
46,6,H
193,6,V
6,137,H
67,6,H
6,20,H
6,13,H
6,74,H
6,200,V
53,6,H
6,60,V
6,95,H
6,39,H
6,46,V
6,46,V
46,6,V
46,6,H
46,6,V
124,47,V
47,96,H
54,47,V
110,47,H
180,47,V
47,145,V
68,47,V
47,61,V
47,103,H
82,47,V
7,47,H
89,47,H
47,21,H
47,201,H
152,47,H
47,124,V
131,47,H
180,47,H
117,47,H
47,14,H
54,47,H
47,28,H
7,47,H
89,47,H
7,47,V
47,131,H
47,187,V
173,47,H
21,47,V
21,47,H
14,47,H
28,47,H
40,47,V
89,47,V
47,89,H
47,7,H
47,54,V
47,21,V
0,47,V
40,47,H
40,47,H
40,47,V
40,47,V
48,41,H
153,48,H
48,97,V
118,48,H
90,48,V
29,48,V
181,48,H
48,15,H
1,48,V
48,62,V
195,48,V
48,69,H
83,48,H
48,8,H
41,48,H
202,48,H
48,125,H
48,22,H
48,22,V
48,55,V
62,48,H
22,48,H
48,90,V
48,1,H
48,29,V
48,41,H
8,48,H
48,69,V
83,48,H
49,84,H
49,203,V
49,196,V
35,49,H
49,30,V
49,35,V
49,154,H
49,35,H
49,112,H
49,91,V
23,49,H
49,196,H
49,16,V
49,42,V
49,30,H
49,168,H
98,49,H
63,49,V
23,49,H
63,49,H
49,140,H
84,49,V
49,16,V
49,133,H
105,49,H
126,49,H
147,49,H
49,133,V
49,91,H
49,63,V
49,63,H
49,42,V
49,189,H
49,42,H
49,70,V
49,30,H
49,98,H
49,70,H
49,42,H
49,42,H
49,42,V
49,23,H
23,49,H
23,49,H
49,23,H
23,49,H
50,31,H
113,50,V
204,50,V
50,71,V
17,50,H
24,50,V
99,50,H
148,50,H
106,50,H
197,50,V
50,36,V
50,92,H
43,50,V
10,50,H
43,50,H
50,71,H
64,50,V
64,50,H
183,50,H
50,176,V
50,17,H
36,50,V
50,43,H
50,10,H
85,50,V
31,50,H
169,50,V
92,50,H
71,50,H
50,113,V
50,134,H
50,31,H
50,24,H
50,57,V
155,50,H
50,141,V
50,134,V
50,36,H
99,50,V
85,50,H
50,64,V
72,51,V
93,51,V
114,51,H
86,51,V
37,51,V
198,51,H
205,51,H
51,44,V
177,51,V
170,51,H
149,51,H
18,51,V
32,51,V
191,51,H
100,51,H
184,51,V
51,93,H
25,51,H
51,156,H
11,51,V
44,51,H
51,65,H
25,51,H
25,51,V
107,51,H
135,51,H
114,51,V
65,51,H
191,51,V
149,51,V
44,51,V
4,51,H
37,51,V
100,51,H
25,51,V
32,51,V
52,33,V
206,52,V
12,52,V
52,122,V
87,52,V
52,38,H
33,52,H
52,129,V
52,115,H
94,52,V
12,52,H
73,52,H
45,52,H
52,33,H
52,45,H
52,59,H
52,136,H
66,52,H
45,52,V
19,52,H
192,52,V
108,52,V
38,52,H
52,115,V
45,52,H
52,19,H
108,52,H
12,52,V
199,52,H
26,52,V
52,59,V
66,52,V
53,193,H
20,53,H
186,53,V
137,53,V
46,53,H
67,53,H
53,179,H
53,74,H
53,116,V
53,172,H
53,88,V
13,53,V
53,172,V
109,53,H
53,27,H
53,95,H
46,53,V
186,53,H
95,53,V
34,53,V
53,34,V
53,6,H
67,53,H
53,46,V
102,53,V
165,53,V
179,53,H
74,53,H
53,39,V
13,53,V
158,53,V
123,53,H
13,53,H
53,95,V
60,53,H
34,53,H
20,53,H
39,53,H
53,27,H
39,53,V
151,53,H
137,53,H
130,53,H
207,53,H
46,53,V
102,53,V
193,53,H
67,53,V
131,117,V
131,61,H
131,145,H
131,89,V
117,131,V
131,152,H
131,28,H
131,21,H
131,187,H
131,138,H
131,28,V
131,110,V
124,131,V
131,187,H
131,14,H
68,131,V
40,131,H
152,131,H
131,103,V
0,131,V
138,131,V
40,131,V
103,131,V
131,61,V
110,131,H
131,110,H
180,131,H
187,131,H
117,131,H
194,131,V
96,131,V
152,131,V
131,152,V
131,194,V
104,132,H
132,188,H
132,139,V
132,146,H
132,125,H
132,153,H
48,132,H
118,132,V
132,188,V
195,132,H
118,132,H
181,132,H
202,132,V
111,132,H
132,8,V
132,15,H
160,132,H
132,111,H
132,153,V
132,118,H
132,104,H
69,132,H
41,132,H
167,132,V
132,125,V
160,132,V
132,139,H
132,202,H
132,181,V
132,90,H
132,125,H
202,132,H
202,132,V
202,132,V
133,175,H
203,133,H
189,133,H
105,133,H
133,161,H
42,133,H
133,182,H
168,133,H
147,133,V
133,91,H
133,154,V
133,203,H
189,133,V
133,35,V
23,133,H
84,133,H
133,91,V
147,133,H
133,112,H
105,133,H
70,133,H
133,84,H
133,9,H
154,133,H
182,133,V
133,196,H
133,126,H
126,133,H
133,168,H
133,30,H
133,112,V
42,133,V
70,133,V
2,133,H
119,133,H
182,133,H
203,133,H
133,161,H
133,126,V
133,35,H
133,126,H
105,133,V
133,196,H
133,112,H
133,112,V
120,134,V
183,134,V
64,134,H
106,134,V
134,197,H
141,134,H
197,134,H
176,134,H
134,183,H
127,134,H
134,106,V
134,92,V
134,155,H
155,134,H
10,134,V
204,134,H
113,134,H
113,134,V
148,134,H
134,155,V
36,134,V
134,43,H
10,134,H
31,134,H
99,134,H
71,134,V
148,134,V
204,134,H
183,134,H
134,92,H
197,134,H
120,134,H
141,134,H
127,134,V
106,134,H
134,113,V
135,11,H
135,18,V
25,135,H
72,135,H
135,51,V
135,121,H
121,135,H
149,135,V
65,135,V
93,135,V
170,135,H
86,135,V
198,135,H
135,191,V
149,135,H
135,114,H
72,135,V
25,135,V
184,135,H
135,156,H
205,135,H
11,135,H
135,32,V
128,135,H
191,135,V
135,170,H
156,135,V
135,191,V
135,184,H
135,18,H
100,135,V
114,135,V
128,135,V
107,135,H
135,121,H
135,128,V
129,136,V
136,108,V
12,136,H
136,73,V
136,66,H
122,136,V
136,199,H
94,136,V
136,26,H
122,136,V
122,136,H
206,136,H
199,136,V
136,108,H
150,136,V
115,136,H
136,129,H
136,192,H
185,136,V
206,136,H
136,157,V
136,157,H
136,38,V
19,136,V
136,5,H
136,33,H
101,136,H
136,185,H
45,136,H
136,199,V
73,136,V
136,164,H
136,33,V
122,136,H
136,115,V
136,115,H
150,136,V
157,136,H
130,137,H
151,137,H
207,137,V
137,60,V
137,95,V
193,137,V
186,137,H
137,109,H
137,116,V
137,109,H
137,158,V
137,123,H
137,179,H
137,193,V
144,137,H
67,137,V
137,158,V
137,165,H
137,39,V
46,137,H
67,137,H
137,116,V
193,137,H
137,95,H
137,165,V
137,179,V
109,137,H
137,158,H
193,137,V
137,200,V
179,137,H
137,130,H
137,102,V
137,172,V
123,137,H
137,20,V
27,137,H
151,137,H
137,200,H
137,102,H
207,137,H
151,137,V
137,151,V
152,180,H
152,138,H
152,187,H
152,124,H
152,110,H
103,152,H
152,14,V
152,110,V
152,0,H
21,152,V
152,96,H
152,145,V
152,96,V
152,61,V
28,152,V
201,152,H
187,152,V
152,7,H
145,152,H
152,117,H
173,152,H
40,152,V
152,180,H
201,152,V
152,194,V
152,187,V
152,40,V
89,152,H
152,124,V
152,145,H
152,117,V
152,110,V
152,201,V
152,68,V
152,110,H
117,152,V
152,201,H
194,152,V
152,194,H
152,194,V
194,152,H
152,194,H
1,153,V
167,153,H
153,132,H
153,104,H
104,153,H
153,188,H
153,132,V
90,153,H
22,153,V
153,146,H
29,153,H
153,111,V
55,153,H
48,153,H
153,69,H
153,125,H
118,153,H
153,111,H
15,153,H
153,111,V
153,41,H
153,195,V
181,153,H
153,174,V
153,125,H
188,153,V
153,139,V
118,153,V
153,195,H
153,195,V
153,104,H
202,153,H
104,153,H
153,104,V
153,104,H
118,153,H
153,118,H
118,153,V
118,153,H
175,154,V
147,154,V
154,16,H
133,154,H
203,154,V
154,182,H
154,35,H
189,154,H
154,175,V
23,154,V
154,105,H
182,154,H
154,98,V
154,49,H
182,154,H
203,154,H
119,154,V
154,9,H
63,154,H
189,154,H
154,196,H
154,112,V
154,16,V
154,35,V
42,154,H
154,161,H
147,154,V
154,70,H
119,154,H
154,63,H
70,154,H
154,23,V
161,154,H
98,154,V
154,168,V
154,189,H
147,154,H
154,196,H
154,182,H
203,154,H
203,154,V
203,154,V
155,148,H
141,155,H
176,155,H
155,183,V
113,155,V
155,197,H
155,141,H
155,169,H
127,155,V
155,169,V
120,155,H
155,190,V
155,113,H
57,155,V
31,155,V
148,155,H
10,155,V
162,155,H
92,155,H
50,155,H
113,155,H
155,10,V
183,155,V
155,43,H
36,155,V
190,155,H
155,127,V
148,155,V
106,155,H
155,120,H
204,155,V
113,155,H
127,155,V
190,155,V
155,134,V
184,156,V
149,156,V
142,156,H
205,156,V
156,72,V
107,156,V
114,156,V
156,18,V
100,156,H
44,156,H
156,170,H
156,205,V
156,114,V
121,156,V
177,156,H
163,156,V
156,107,V
156,25,H
128,156,H
156,93,H
128,156,V
11,156,V
205,156,H
93,156,H
11,156,H
107,156,V
128,156,H
37,156,V
121,156,V
191,156,H
156,18,H
72,156,V
135,156,V
121,156,H
65,156,H
156,58,V
198,156,V
128,156,V
149,156,H
156,114,H
177,156,V
171,157,H
108,157,V
52,157,H
87,157,H
178,157,H
66,157,V
129,157,V
59,157,H
19,157,H
206,157,H
157,33,H
185,157,V
122,157,H
150,157,V
192,157,H
157,45,V
157,59,H
171,157,H
122,157,V
143,157,H
171,157,V
206,157,V
129,157,H
157,115,H
157,199,V
206,157,H
12,157,H
33,157,H
157,38,H
108,157,H
73,157,V
157,94,H
157,192,H
136,157,H
157,87,H
199,157,H
185,157,H
122,157,H
137,158,H
123,158,H
158,172,V
158,39,H
207,158,V
158,123,H
158,74,H
200,158,H
67,158,H
193,158,H
53,158,V
158,60,V
88,158,H
95,158,H
158,151,H
67,158,V
158,193,H
130,158,H
130,158,V
207,158,H
158,27,H
130,158,H
158,109,H
102,158,H
46,158,H
158,34,V
207,158,V
179,158,H
158,165,V
60,158,V
109,158,H
34,158,V
13,158,V
116,158,H
151,158,H
158,193,H
158,200,H
201,145,V
145,117,H
103,145,H
14,145,V
110,145,H
21,145,H
145,194,H
145,166,H
145,201,H
103,145,H
124,145,H
89,145,V
145,14,V
145,110,H
68,145,V
145,103,H
145,82,H
145,110,H
145,138,H
180,145,H
145,28,H
68,145,H
89,145,H
145,47,V
7,145,H
194,145,H
40,145,V
145,40,V
187,145,H
54,145,V
145,7,H
152,145,H
145,61,H
145,117,H
145,187,V
145,187,H
146,29,H
111,146,V
146,62,H
146,104,V
146,118,H
146,132,V
104,146,V
8,146,H
146,125,V
146,104,H
111,146,V
146,181,V
111,146,H
139,146,V
160,146,V
146,181,H
22,146,H
118,146,H
146,125,H
146,132,H
188,146,H
146,104,V
160,146,H
146,195,H
69,146,H
146,188,H
146,188,H
188,146,H
188,146,V
146,188,V
202,146,H
202,146,V
202,146,V
147,203,H
147,70,H
147,203,V
119,147,H
35,147,H
196,147,V
147,112,H
147,175,H
147,63,H
147,30,V
147,42,H
147,133,V
105,147,H
91,147,V
147,112,V
140,147,H
119,147,V
147,126,H
147,112,V
63,147,H
98,147,H
147,49,V
147,182,H
203,147,V
147,133,H
147,23,V
147,9,V
189,147,V
168,147,H
147,35,H
147,196,V
203,147,H
182,147,H
147,112,H
147,189,V
147,126,H
147,189,H
147,189,H
189,147,H
189,147,H
189,147,V
189,147,H
148,141,H
148,169,V
148,183,V
148,113,H
148,36,H
148,113,V
120,148,H
71,148,H
148,190,V
10,148,H
148,57,V
148,197,H
148,106,H
148,113,H
162,148,V
204,148,H
148,43,H
148,50,V
148,17,V
148,31,V
106,148,H
148,64,H
148,127,H
204,148,V
190,148,H
148,120,V
148,183,H
148,197,H
148,162,V
148,17,H
197,148,H
148,183,V
148,113,V
120,148,V
148,106,H
120,148,V
148,120,H
120,148,H
120,148,V
149,121,H
149,135,H
149,128,H
149,184,V
149,93,H
149,198,H
149,163,H
149,25,V
100,149,H
32,149,H
149,25,H
107,149,H
149,32,H
205,149,H
86,149,V
11,149,V
149,170,V
149,44,H
149,37,H
149,135,V
149,205,V
37,149,H
65,149,H
149,205,H
184,149,H
149,191,V
149,114,V
149,170,V
149,198,H
149,58,V
149,128,V
149,107,V
149,191,H
149,107,H
205,149,V
149,205,V
149,205,V
149,205,H
149,184,H
149,184,H
184,149,H
184,149,V
150,164,H
143,150,H
185,150,V
150,19,H
129,150,H
66,150,V
136,150,V
150,199,H
150,115,H
26,150,V
150,115,V
150,33,V
5,150,H
150,38,V
206,150,H
150,101,V
150,199,H
150,87,H
150,185,H
12,150,H
66,150,H
150,73,V
150,157,H
150,94,V
45,150,H
150,206,H
108,150,V
150,38,H
73,150,V
122,150,H
150,52,H
12,150,V
150,185,V
143,150,H
150,115,V
122,150,H
150,192,H
150,129,H
129,150,H
129,150,V
129,150,H
151,207,V
151,20,H
151,130,H
151,123,V
151,116,V
151,39,H
151,6,H
151,67,H
27,151,V
151,130,H
151,88,V
102,151,H
151,109,H
200,151,H
186,151,H
123,151,H
151,193,H
151,158,H
151,123,H
116,151,V
151,74,V
144,151,V
151,53,V
151,137,V
151,74,H
186,151,V
151,193,V
109,151,H
151,13,H
151,102,H
151,165,V
151,179,H
151,207,V
151,186,H
137,151,V
151,137,H
151,137,V
137,151,H
137,151,V
117,124,V
124,61,H
124,14,H
117,124,H
131,124,V
40,124,H
96,124,H
187,124,H
124,28,H
103,124,H
124,131,H
124,180,V
124,110,V
82,124,V
124,21,H
40,124,V
124,201,H
124,110,V
124,194,H
68,124,V
180,124,V
124,54,H
152,124,H
117,124,H
124,131,V
124,152,H
138,124,H
173,124,H
124,173,H
173,124,V
125,104,H
125,118,V
125,146,H
90,125,V
202,125,H
69,125,H
15,125,H
125,188,H
139,125,H
125,160,H
125,104,H
125,195,V
125,139,V
125,69,H
125,202,H
104,125,H
83,125,V
125,195,H
111,125,H
41,125,H
125,97,V
22,125,H
118,125,H
29,125,V
125,188,H
125,139,H
118,125,V
125,195,H
125,111,H
125,174,V
181,125,V
125,139,H
167,125,H
188,125,H
202,125,H
126,154,H
119,126,H
175,126,H
70,126,V
126,168,V
126,2,H
161,126,H
126,112,H
35,126,H
42,126,H
126,9,V
126,203,H
126,196,H
126,105,H
126,168,H
154,126,H
126,49,V
63,126,H
126,112,V
126,91,H
119,126,V
105,126,H
30,126,V
98,126,V
126,23,H
126,147,H
126,112,V
182,126,H
196,126,H
154,126,H
126,42,H
105,126,V
189,126,H
196,126,H
189,126,V
126,70,V
35,126,V
182,126,V
119,126,V
127,106,V
127,204,H
127,17,H
127,64,V
127,31,V
127,141,V
127,50,H
127,183,H
127,17,V
127,10,V
113,127,H
127,197,H
127,148,H
197,127,H
127,120,V
127,92,H
127,10,H
127,204,V
127,113,H
190,127,V
127,64,H
127,113,V
120,127,V
204,127,V
127,106,V
127,36,H
127,71,H
183,127,H
190,127,H
204,127,H
127,31,H
127,99,H
85,127,H
92,127,H
127,190,H
127,148,H
127,183,H
183,127,H
127,183,H
204,127,V
204,127,H
128,121,H
128,11,H
128,107,H
128,107,V
128,37,H
128,198,H
128,44,V
191,128,V
128,114,H
128,107,V
128,25,H
128,18,V
114,128,H
128,205,H
128,32,H
128,205,V
128,121,V
128,51,H
72,128,V
128,86,H
128,93,H
149,128,V
191,128,H
44,128,V
128,100,H
11,128,H
128,163,H
177,128,H
128,205,H
128,149,V
114,128,H
128,163,V
128,198,H
128,114,H
121,128,H
191,128,H
191,128,H
191,128,V
128,191,H
129,199,H
164,129,V
129,192,H
19,129,V
108,129,H
192,129,H
185,129,H
150,129,H
129,26,H
12,129,H
129,199,H
129,12,H
129,171,V
150,129,V
129,122,H
59,129,H
129,101,V
129,171,H
129,115,H
129,33,H
129,185,V
129,192,V
129,185,H
129,38,H
185,129,V
129,52,V
45,129,H
19,129,H
122,129,H
206,129,H
129,199,V
150,129,H
129,45,H
129,122,H
115,129,V
150,129,H
143,129,V
151,130,V
165,130,H
130,165,H
130,172,H
6,130,V
186,130,H
130,39,V
53,130,H
130,200,H
186,130,V
34,130,H
193,130,H
27,130,H
130,123,H
179,130,V
67,130,V
207,130,H
130,116,V
20,130,V
102,130,H
60,130,H
130,46,V
130,193,H
74,130,V
67,130,H
20,130,H
130,123,H
130,60,H
130,74,V
34,130,V
130,158,V
130,165,H
116,130,H
137,130,H
130,116,H
130,137,H
200,130,V
144,130,H
144,130,V
7,40,H
40,47,H
40,14,V
40,28,H
40,187,V
40,96,H
117,40,V
40,68,V
40,61,H
40,7,V
40,68,H
40,21,H
89,40,H
194,40,V
40,61,V
40,110,H
40,14,H
96,40,H
40,89,H
40,28,V
40,28,H
40,21,H
40,194,V
21,40,H
68,40,H
40,14,H
96,40,H
40,47,H
40,82,H
195,41,H
41,15,H
41,97,V
41,97,H
22,41,H
41,97,V
41,90,H
41,62,H
41,188,H
62,41,H
15,41,H
41,8,V
41,29,H
55,41,H
41,146,V
104,41,H
41,29,V
41,97,H
41,111,V
41,83,H
202,41,V
41,69,H
62,41,H
69,41,H
41,29,H
69,41,H
41,69,V
69,41,H
41,69,H
55,41,V
55,41,H
55,41,H
83,41,H
41,83,H
41,83,V
83,41,H
84,42,H
30,42,V
35,42,H
42,91,V
35,42,V
30,42,H
42,112,H
203,42,H
2,42,H
42,9,H
189,42,V
42,70,V
42,49,V
42,182,H
16,42,H
9,42,H
42,84,H
42,91,H
42,147,H
42,63,V
42,2,H
105,42,H
42,140,H
42,23,V
119,42,H
42,63,H
196,42,H
42,9,V
42,70,H
112,42,H
42,16,H
9,42,V
42,98,H
84,42,H
42,91,V
63,42,H
42,49,H
42,49,V
49,42,V
17,43,H
43,134,H
43,92,V
43,92,H
113,43,H
204,43,H
24,43,V
43,71,V
43,10,H
31,43,H
36,43,H
148,43,V
17,43,V
24,43,H
71,43,V
197,43,V
120,43,H
141,43,H
183,43,V
155,43,V
120,43,V
36,43,V
176,43,V
43,71,H
24,43,V
43,36,H
50,43,V
176,43,H
36,43,H
3,43,H
99,43,H
57,43,V
17,43,H
43,10,V
99,43,V
44,37,H
184,44,H
177,44,H
44,25,H
11,44,V
44,58,V
4,44,V
44,18,H
100,44,H
44,93,H
44,114,H
86,44,H
93,44,H
44,37,V
65,44,H
44,198,H
72,44,V
44,107,V
142,44,H
44,135,V
184,44,V
44,51,V
44,58,H
32,44,H
170,44,H
156,44,H
142,44,V
11,44,H
44,198,V
44,191,H
44,93,H
44,25,V
121,44,H
44,37,V
44,25,H
44,18,V
44,11,V
44,11,H
44,65,H
44,32,V
11,44,H
11,44,H
45,59,H
206,45,V
45,101,H
45,33,V
26,45,V
45,73,H
45,122,V
45,185,V
38,45,H
45,101,H
94,45,H
45,199,V
12,45,V
19,45,H
73,45,V
45,115,H
45,19,V
38,45,V
45,38,V
192,45,H
45,26,H
66,45,H
45,5,H
45,101,V
45,108,H
45,94,H
45,171,H
33,45,H
136,45,H
115,45,H
12,45,H
185,45,V
26,45,H
122,45,V
66,45,H
45,94,H
45,66,H
45,157,V
45,33,H
73,45,H
45,73,H
73,45,H
46,39,H
46,6,H
13,46,H
102,46,H
46,27,V
200,46,H
144,46,V
46,116,V
46,39,V
207,46,V
46,60,V
46,95,V
67,46,V
46,193,V
46,27,V
123,46,V
46,193,H
67,46,H
46,74,V
102,46,H
46,95,H
46,34,V
46,20,H
46,67,H
46,151,H
67,46,H
151,46,H
46,144,V
109,46,H
46,39,V
46,102,H
46,27,H
34,46,V
46,95,H
13,46,V
74,46,H
46,34,H
46,6,V
46,102,H
102,46,H
46,102,H
13,46,V
13,46,V
46,13,V
68,110,V
180,110,H
68,110,H
201,110,V
201,110,H
110,7,H
47,110,H
117,110,V
110,14,H
159,110,H
124,110,H
103,110,H
110,194,H
103,110,V
201,110,H
201,110,V
110,96,H
124,110,H
180,110,V
117,110,V
187,110,V
61,110,H
103,110,V
110,194,V
110,180,V
21,110,H
28,110,H
187,110,V
194,110,V
96,110,H
173,110,V
40,110,V
0,110,V
187,110,H
159,110,V
103,110,H
180,110,V
29,111,H
188,111,V
111,97,V
62,111,H
111,195,V
69,111,H
111,15,H
132,111,H
181,111,V
22,111,V
111,181,H
111,167,H
188,111,H
48,111,V
111,181,V
104,111,H
111,125,V
118,111,H
111,104,H
188,111,H
139,111,V
195,111,H
104,111,H
146,111,V
118,111,V
188,111,V
111,15,V
139,111,V
104,111,V
63,112,H
112,35,V
112,91,H
112,23,H
2,112,H
105,112,V
112,56,V
112,9,H
112,105,H
112,119,H
182,112,V
196,112,H
175,112,H
112,182,H
70,112,H
35,112,V
112,9,V
154,112,H
126,112,H
84,112,V
112,98,H
105,112,H
112,196,H
189,112,H
168,112,H
112,161,V
112,16,V
154,112,V
112,119,H
189,112,V
63,112,V
112,16,H
113,92,H
10,113,H
141,113,V
113,176,H
113,10,H
106,113,H
183,113,H
24,113,H
120,113,H
113,57,H
204,113,H
43,113,H
113,31,V
176,113,V
113,197,H
120,113,V
204,113,H
64,113,H
113,3,V
190,113,V
71,113,H
197,113,H
183,113,V
113,106,H
113,24,H
113,162,V
113,169,V
113,106,V
64,113,V
113,31,H
162,113,V
190,113,H
113,71,H
36,113,H
92,113,H
113,204,H
113,183,H
169,113,H
141,113,H
191,114,H
114,18,H
114,37,V
93,114,H
184,114,V
205,114,V
32,114,V
184,114,V
205,114,H
100,114,H
25,114,V
11,114,H
107,114,H
142,114,H
135,114,V
32,114,H
205,114,V
114,25,V
114,107,V
198,114,V
72,114,H
114,191,H
114,18,V
72,114,V
114,163,H
184,114,H
107,114,V
163,114,H
121,114,H
37,114,V
65,114,H
156,114,V
184,114,H
198,114,H
135,114,V
198,114,V
121,114,V
115,108,V
129,115,V
115,73,V
19,115,V
115,59,H
115,171,V
94,115,V
108,115,V
206,115,V
26,115,V
19,115,H
33,115,V
108,115,V
178,115,V
122,115,V
185,115,H
122,115,H
12,115,H
122,115,V
136,115,H
115,150,V
199,115,V
115,199,V
178,115,H
101,115,V
115,38,H
115,122,V
164,115,H
185,115,H
115,101,V
115,164,H
178,115,V
185,115,V
193,116,H
109,116,V
123,116,H
39,116,H
116,95,V
193,116,H
200,116,H
116,165,V
144,116,H
207,116,V
67,116,H
20,116,V
116,6,V
186,116,V
109,116,H
116,34,H
102,116,H
179,116,H
207,116,H
116,109,H
27,116,V
116,95,H
13,116,H
20,116,H
200,116,V
207,116,H
116,151,H
34,116,H
46,116,H
200,116,H
207,116,V
158,116,H
144,116,H
158,116,H
186,116,H
194,28,H
194,201,V
194,180,V
194,82,H
194,28,V
194,124,H
201,194,V
117,194,H
47,194,V
117,194,V
14,194,H
194,68,H
194,96,V
152,194,H
194,103,V
194,180,V
194,61,H
194,68,V
194,201,H
194,117,H
194,138,V
166,194,H
159,194,H
117,194,H
194,89,V
180,194,V
61,194,H
194,187,V
194,7,V
0,194,H
103,194,V
152,194,H
194,124,H
187,194,V
173,194,H
152,194,V
160,195,V
167,195,H
104,195,V
174,195,H
118,195,V
181,195,H
118,195,H
195,90,H
15,195,H
1,195,V
195,29,V
118,195,H
22,195,H
62,195,V
195,174,H
22,195,V
167,195,H
104,195,H
195,111,V
97,195,V
146,195,H
195,104,H
195,132,H
195,188,H
195,181,H
203,196,V
182,196,H
105,196,H
133,196,V
189,196,V
84,196,H
98,196,V
147,196,H
203,196,H
23,196,V
63,196,V
196,203,H
196,182,H
196,168,H
203,196,H
105,196,H
112,196,H
196,70,V
63,196,H
119,196,H
91,196,V
189,196,H
35,196,H
98,196,H
140,196,V
196,189,H
196,105,H
196,9,H
140,196,H
197,190,V
197,155,H
197,10,H
204,197,H
197,17,H
106,197,H
197,106,H
183,197,H
24,197,H
85,197,H
99,197,V
204,197,V
183,197,V
197,190,V
197,17,V
197,92,H
113,197,H
36,197,H
64,197,H
197,31,V
148,197,V
162,197,H
197,31,H
197,106,H
190,197,V
127,197,V
64,197,V
197,71,V
197,36,H
204,197,H
134,197,H
127,197,H
120,197,H
183,197,H
197,120,H
197,183,H
191,198,H
11,198,H
198,156,H
198,135,V
170,198,V
198,156,V
198,121,V
198,205,H
205,198,H
198,191,H
198,18,V
198,156,H
107,198,V
198,72,H
198,121,V
4,198,V
135,198,V
25,198,V
93,198,H
198,86,V
198,37,H
198,37,V
184,198,V
191,198,H
198,163,H
198,205,H
142,198,V
94,199,V
73,199,H
66,199,H
52,199,H
108,199,V
122,199,H
199,206,H
199,129,H
199,185,H
94,199,H
150,199,V
199,178,V
26,199,V
157,199,H
192,199,H
199,33,H
185,199,V
199,171,H
199,38,H
192,199,V
206,199,H
12,199,H
101,199,H
185,199,H
199,171,V
199,150,H
206,199,H
45,199,H
164,199,V
109,200,V
34,200,V
193,200,H
200,34,V
158,200,V
95,200,H
200,130,H
151,200,V
193,200,V
151,200,H
200,27,H
186,200,H
207,200,H
13,200,H
46,200,H
200,53,V
200,39,V
6,200,H
27,200,H
200,95,H
39,200,V
200,13,H
123,200,V
102,200,V
67,200,H
20,200,H
200,193,V
186,200,V
123,200,H
200,20,H
207,200,V
137,200,H
67,200,V
200,130,H
200,186,H
200,193,H
186,200,H
200,179,H
68,14,H
14,96,H
47,14,V
89,14,H
14,7,H
180,14,H
194,14,H
61,14,V
14,68,H
152,14,H
14,54,H
187,14,V
14,61,V
14,173,H
14,89,V
103,14,V
14,28,V
14,7,V
124,14,V
21,14,H
14,131,H
14,96,H
117,14,H
103,14,H
68,14,H
82,14,V
7,14,H
14,21,H
21,14,H
14,28,H
22,15,H
15,22,H
15,90,H
1,15,H
174,15,V
29,15,H
139,15,V
181,15,H
69,15,V
15,29,H
202,15,V
8,15,H
62,15,H
188,15,H
15,69,H
15,62,H
104,15,H
48,15,H
1,15,H
15,90,H
15,97,H
69,15,H
29,15,V
1,15,V
69,15,H
15,62,H
22,15,H
119,16,H
16,56,V
16,42,H
91,16,H
16,63,H
16,126,H
189,16,H
16,9,H
16,9,V
105,16,V
35,16,H
147,16,V
63,16,H
16,98,H
70,16,H
16,30,H
16,70,H
16,30,V
16,91,H
2,16,H
16,91,V
30,16,V
16,9,H
35,16,V
16,203,H
196,16,V
16,98,H
189,16,V
23,16,H
23,16,V
70,16,V
16,98,V
196,16,H
147,16,H
35,16,V
84,16,H
16,63,V
16,9,V
35,16,H
190,17,H
24,17,V
120,17,V
155,17,H
71,17,H
17,31,H
155,17,V
17,57,H
17,31,V
17,24,V
183,17,V
92,17,H
64,17,H
134,17,V
17,99,V
31,17,H
176,17,H
17,92,H
92,17,H
17,36,H
17,204,H
176,17,V
17,50,H
113,17,H
64,17,H
10,17,V
17,31,H
24,17,H
36,17,H
17,71,V
120,17,H
107,18,H
37,18,V
18,51,H
18,32,H
100,18,H
18,121,V
93,18,V
163,18,V
72,18,H
32,18,H
149,18,V
32,18,V
121,18,V
177,18,V
37,18,H
18,25,H
18,11,V
18,93,V
18,170,H
18,205,V
72,18,V
18,37,H
18,65,V
65,18,H
11,18,V
205,18,V
18,100,H
11,18,V
51,18,V
100,18,H
184,18,H
128,18,H
18,65,H
18,93,V
18,72,H
18,86,H
25,18,V
11,18,H
18,51,V
19,73,V
19,136,H
26,19,V
19,164,V
143,19,H
19,12,H
101,19,V
33,19,H
122,19,H
38,19,H
192,19,V
19,59,V
19,26,H
19,87,V
73,19,H
52,19,H
26,19,H
19,94,H
19,45,V
19,38,H
192,19,H
19,143,H
5,19,V
19,185,V
19,59,H
12,19,V
66,19,H
19,38,V
45,19,H
66,19,V
108,19,V
101,19,H
199,19,V
19,33,V
19,66,H
206,19,H
101,19,H
73,19,V
19,171,H
19,38,H
19,33,H
87,19,H
19,94,V
19,101,H
12,19,H
12,19,H
12,19,V
12,19,V
20,95,H
20,34,H
39,20,H
20,109,H
207,20,H
20,109,V
53,20,H
46,20,V
20,88,H
123,20,H
20,46,V
20,74,V
193,20,V
144,20,V
20,13,H
34,20,V
74,20,H
20,88,V
27,20,V
137,20,H
20,158,V
20,74,H
20,102,H
88,20,H
27,20,H
20,158,H
46,20,V
27,20,H
20,13,H
13,20,H
95,20,H
53,20,H
67,20,V
20,193,V
102,20,V
35,91,H
35,91,V
84,35,H
119,35,V
30,35,V
35,63,V
35,56,H
42,35,V
30,35,H
35,9,H
203,35,H
35,119,V
35,98,V
35,168,H
35,23,H
35,70,H
35,49,V
189,35,H
98,35,H
203,35,V
35,105,H
35,30,H
35,30,V
182,35,V
189,35,V
35,196,V
35,98,H
35,70,V
70,35,V
35,175,V
105,35,H
35,9,V
63,35,H
2,35,V
35,2,V
92,36,H
36,134,H
24,36,V
169,36,H
127,36,V
113,36,H
17,36,V
36,64,V
155,36,V
36,190,V
106,36,V
36,148,H
17,36,H
99,36,V
57,36,H
24,36,V
3,36,V
36,31,H
204,36,H
36,120,V
36,10,H
64,36,H
36,71,V
120,36,V
24,36,H
36,106,V
36,190,H
36,169,H
36,64,H
99,36,H
36,162,H
36,10,H
92,36,H
71,36,V
10,36,H
64,36,H
64,36,V
64,36,H
36,64,V
85,36,H
36,85,H
37,121,H
37,93,H
86,37,V
37,121,V
205,37,H
72,37,V
11,37,V
4,37,H
11,37,H
37,107,H
37,44,V
25,37,V
37,4,V
184,37,V
37,100,V
135,37,H
72,37,H
65,37,V
37,65,V
37,51,H
100,37,H
37,107,V
184,37,H
135,37,V
37,58,V
37,11,H
37,25,H
37,65,H
37,128,H
37,100,H
32,37,H
37,93,H
72,37,H
37,72,H
37,72,H
206,38,H
73,38,H
157,38,V
122,38,H
38,185,H
94,38,V
87,38,V
26,38,H
38,5,V
178,38,V
94,38,H
66,38,V
94,38,V
206,38,V
38,52,H
38,122,H
178,38,H
26,38,V
38,171,H
192,38,V
38,164,V
38,136,V
66,38,H
59,38,H
33,38,V
38,59,H
38,12,H
38,26,H
12,38,H
199,38,V
101,38,H
26,38,H
101,38,V
66,38,V
34,39,H
123,39,H
34,39,V
34,39,H
102,39,V
207,39,H
186,39,H
95,39,H
60,39,H
67,39,H
13,39,H
102,39,H
27,39,H
13,39,V
74,39,V
67,39,H
186,39,V
207,39,V
88,39,V
27,39,V
67,39,V
193,39,V
34,39,V
109,39,H
137,39,H
39,193,V
74,39,H
179,39,H
39,165,H
102,39,H
39,74,V
20,39,H
39,95,H
39,74,H
39,6,H
46,39,H
110,28,H
28,21,V
152,28,V
14,28,H
28,89,H
28,180,H
68,28,V
82,28,H
180,28,H
28,96,H
28,7,V
187,28,V
0,28,H
28,68,H
28,61,H
96,28,H
187,28,H
21,28,V
28,14,H
89,28,V
0,28,V
28,61,V
21,28,H
89,28,H
28,61,H
29,97,H
104,29,H
29,202,H
29,181,V
29,15,H
29,8,V
90,29,V
90,29,V
29,97,H
1,29,V
29,48,H
29,62,V
29,8,H
22,29,V
188,29,V
29,8,H
29,125,H
22,29,V
22,29,H
29,62,H
189,30,V
30,98,V
42,30,V
30,23,H
112,30,H
196,30,H
30,9,V
9,30,V
30,84,H
203,30,V
154,30,H
9,30,H
30,91,H
16,30,V
98,30,V
70,30,V
30,182,V
30,133,H
30,140,V
30,91,H
30,126,H
70,30,H
70,30,V
30,63,H
91,30,H
105,30,V
30,119,V
31,43,V
31,10,H
176,31,V
24,31,H
120,31,V
99,31,V
31,99,V
31,3,V
204,31,V
176,31,H
50,31,V
10,31,H
134,31,H
162,31,H
120,31,H
64,31,H
190,31,V
204,31,H
10,31,H
92,31,H
190,31,H
106,31,H
106,31,V
24,31,V
24,31,H
36,31,V
169,31,V
31,92,H
71,31,H
31,155,H
85,31,H
3,31,H
64,31,V
24,31,V
31,10,H
64,31,H
71,31,V
100,32,H
32,25,V
4,32,V
32,121,H
32,37,V
65,32,H
184,32,V
11,32,H
32,170,V
32,72,V
32,11,V
4,32,H
32,51,H
205,32,H
32,93,V
32,128,H
32,37,H
32,107,H
107,32,H
32,93,H
198,32,H
205,32,V
11,32,V
142,32,V
32,44,V
11,32,V
4,32,H
66,33,H
33,38,V
33,52,V
108,33,H
33,12,H
101,33,H
12,33,H
26,33,H
94,33,H
33,108,H
19,33,H
33,129,H
66,33,H
150,33,H
122,33,H
33,178,H
33,5,H
101,33,H
33,73,H
192,33,H
33,101,H
33,73,V
45,33,H
26,33,V
33,115,H
33,199,H
33,192,H
12,33,H
33,94,H
5,33,V
12,33,V
94,33,H
26,33,V
34,27,H
34,95,H
67,34,V
34,95,V
207,34,V
67,34,H
34,6,H
34,6,V
13,34,V
13,34,H
34,102,H
102,34,H
34,123,H
34,207,V
34,88,H
186,34,H
95,34,H
60,34,V
109,34,H
137,34,V
13,34,H
109,34,V
34,151,H
34,67,H
34,151,V
144,34,H
34,172,V
34,74,H
34,20,H
123,34,H
34,67,V
67,34,H
34,67,H
67,34,V
67,34,H
67,34,V
68,187,V
187,110,H
187,166,V
96,187,H
187,82,H
187,152,H
68,187,H
180,187,V
103,187,H
187,159,V
187,145,V
187,21,V
187,61,H
187,117,H
187,131,H
117,187,H
0,187,V
187,180,H
187,61,V
187,54,V
187,96,H
187,89,H
180,187,H
187,103,H
187,54,H
103,187,H
187,201,H
187,173,V
187,117,H
187,21,H
187,40,V
187,166,H
187,194,H
187,201,H
201,187,H
187,201,H
187,117,V
117,187,H
187,117,H
117,187,V
187,117,H
117,187,H
202,188,H
188,167,H
118,188,V
188,195,H
188,1,H
188,195,V
188,139,V
160,188,H
202,188,V
188,104,H
118,188,H
188,139,H
181,188,H
188,62,V
153,188,V
62,188,V
181,188,H
188,118,V
188,139,H
174,188,H
188,83,V
202,188,H
188,195,H
188,8,H
146,188,V
188,146,H
147,189,H
189,182,H
189,119,V
189,49,H
105,189,V
189,9,H
161,189,H
105,189,H
189,30,H
23,189,H
189,203,H
203,189,H
189,2,V
23,189,V
119,189,H
189,98,H
70,189,H
189,140,H
189,112,H
189,63,V
189,91,H
133,189,H
189,42,H
98,189,H
189,168,V
119,189,H
189,119,V
189,119,H
189,119,V
203,189,H
203,189,H
203,189,V
204,190,H
190,141,H
24,190,H
64,190,V
190,155,V
190,148,V
204,190,V
141,190,V
190,92,H
120,190,V
197,190,H
113,190,V
176,190,H
190,50,V
190,106,H
106,190,H
190,17,V
190,183,V
190,183,H
10,190,H
190,99,H
190,92,V
190,50,H
190,10,H
190,99,V
190,134,H
85,190,H
190,24,H
190,134,V
190,106,V
190,176,H
120,190,H
190,120,V
190,120,H
190,120,V
120,190,V
120,190,H
191,156,H
191,18,H
191,184,H
191,156,V
205,191,V
191,142,H
11,191,H
184,191,V
191,156,V
107,191,H
72,191,H
191,37,V
191,93,V
177,191,V
191,65,H
191,58,H
191,107,H
191,37,H
121,191,H
191,114,V
191,184,V
198,191,H
191,4,V
100,191,H
191,32,H
191,107,H
142,191,V
205,191,H
191,170,H
191,121,H
191,135,V
142,191,H
191,25,H
191,128,H
12,192,V
192,26,V
192,38,H
136,192,H
192,115,V
192,185,V
192,101,H
178,192,H
101,192,H
192,129,V
122,192,H
192,52,H
192,108,V
115,192,H
178,192,V
192,115,H
66,192,H
192,157,H
192,157,V
192,108,V
192,12,V
45,192,H
73,192,H
115,192,V
206,192,H
206,192,V
108,192,V
66,192,V
143,192,H
206,192,V
116,193,H
130,193,V
193,109,H
34,193,H
193,151,V
193,60,V
67,193,H
13,193,H
193,13,H
172,193,V
193,186,H
193,123,H
193,172,V
102,193,H
186,193,V
193,165,V
193,109,V
123,193,H
193,116,V
193,207,H
193,165,H
193,165,H
179,193,H
186,193,H
74,193,V
193,74,V
207,193,H
207,193,H
179,193,V
193,207,H
193,207,H
207,193,H
207,193,V
89,110,H
89,68,H
89,187,H
201,89,H
89,96,V
68,89,V
131,89,H
103,89,H
54,89,V
89,201,H
89,180,H
194,89,H
117,89,H
89,61,H
89,21,V
89,7,H
89,96,H
124,89,V
89,159,V
89,103,H
68,89,H
61,89,H
89,21,H
68,89,V
89,68,H
118,90,H
90,181,H
90,167,V
202,90,V
90,22,V
41,90,V
22,90,V
90,22,V
69,90,V
90,111,H
83,90,H
69,90,H
90,97,V
118,90,V
90,62,V
90,22,H
90,8,H
104,90,V
97,90,H
69,90,V
90,8,V
90,55,H
188,90,H
90,22,V
22,90,V
22,90,H
35,91,V
49,91,V
91,16,V
63,91,H
70,91,H
91,9,H
91,154,V
91,140,V
168,91,H
91,112,H
63,91,H
196,91,V
98,91,H
2,91,V
105,91,H
63,91,V
35,91,H
49,91,H
56,91,H
91,126,H
70,91,V
9,91,V
182,91,V
189,91,V
84,91,H
23,91,V
119,91,H
119,91,V
91,98,H
70,91,H
203,91,H
9,91,H
24,92,H
92,148,H
71,92,H
92,31,H
176,92,V
85,92,V
92,71,V
204,92,V
99,92,H
10,92,V
92,3,V
50,92,V
10,92,H
106,92,H
176,92,H
36,92,H
64,92,H
24,92,H
92,24,H
31,92,H
10,92,H
99,92,H
92,57,V
85,92,H
204,92,H
99,92,V
36,92,H
3,92,H
198,93,H
65,93,V
93,58,V
65,93,H
93,32,H
100,93,H
149,93,V
11,93,H
25,93,H
93,170,V
72,93,H
135,93,V
11,93,V
37,93,V
107,93,H
121,93,V
18,93,H
25,93,V
191,93,H
121,93,H
100,93,H
93,58,H
72,93,H
93,44,H
25,93,H
11,93,V
93,128,H
107,93,V
72,93,V
205,93,V
93,114,V
93,32,V
65,93,V
51,93,V
101,94,V
5,94,H
94,59,V
26,94,H
101,94,H
94,52,H
150,94,H
94,108,V
12,94,V
73,94,V
94,185,H
12,94,H
26,94,V
206,94,H
122,94,H
94,73,H
26,94,V
52,94,H
178,94,H
129,94,H
94,108,H
12,94,V
19,94,H
94,38,H
94,26,V
94,192,H
13,95,H
27,95,H
102,95,V
193,95,H
95,60,V
95,20,V
95,102,V
109,95,V
151,95,V
95,88,V
95,193,H
74,95,V
151,95,H
95,67,V
27,95,V
74,95,H
186,95,H
207,95,V
130,95,V
95,74,H
102,95,H
53,95,V
144,95,H
123,95,V
95,39,H
95,20,H
47,61,V
61,7,H
152,61,H
61,54,V
61,180,H
61,54,H
21,61,H
47,61,H
103,61,V
0,61,V
14,61,V
180,61,H
61,7,V
82,61,H
28,61,V
21,61,H
68,61,H
201,61,V
61,0,H
61,21,H
61,96,H
61,117,V
159,61,H
138,61,H
47,61,H
7,61,V
82,61,V
62,8,V
90,62,H
62,48,V
62,8,H
69,62,H
41,62,H
125,62,V
104,62,H
62,97,H
29,62,V
153,62,V
202,62,V
181,62,H
62,139,H
62,8,V
62,97,H
8,62,V
62,69,V
69,62,V
23,63,V
35,63,H
119,63,H
175,63,H
133,63,V
63,23,V
42,63,H
203,63,V
105,63,H
168,63,H
133,63,H
126,63,H
63,175,H
63,182,H
63,9,V
203,63,H
63,91,V
119,63,V
30,63,V
35,63,H
84,63,H
9,63,V
140,63,V
70,63,H
63,105,H
63,98,V
23,63,V
30,63,H
63,9,H
70,63,V
63,16,V
63,98,H
64,31,V
24,64,H
106,64,V
64,155,V
64,57,H
64,120,V
204,64,H
64,99,V
85,64,H
24,64,H
155,64,V
148,64,V
64,92,H
64,10,V
99,64,V
64,190,H
162,64,V
120,64,V
64,71,H
10,64,H
64,43,H
64,92,V
85,64,H
64,183,H
64,24,H
65,121,H
65,44,V
65,100,H
65,191,H
65,163,H
177,65,V
156,65,H
65,107,H
11,65,H
65,25,H
65,18,V
65,51,H
4,65,H
65,149,V
65,107,V
72,65,V
198,65,V
65,25,V
32,65,V
65,72,V
184,65,H
11,65,V
121,65,H
205,65,H
128,65,V
65,25,V
65,184,H
65,114,V
44,65,V
100,65,V
100,65,V
100,65,H
66,26,H
66,122,V
94,66,H
52,66,V
66,101,V
164,66,V
108,66,V
66,206,H
26,66,H
171,66,V
5,66,H
66,101,H
12,66,H
66,101,V
66,59,V
66,94,V
66,38,H
66,101,H
115,66,H
5,66,H
66,52,V
66,115,H
66,129,H
66,87,H
66,26,V
66,94,H
185,66,H
66,199,V
206,66,H
73,66,H
26,66,V
66,26,H
66,26,V
26,66,H
66,26,H
66,87,H
12,66,H
66,12,H
12,66,V
13,67,V
67,109,H
67,102,V
172,67,V
67,123,V
13,67,H
67,109,V
67,186,V
67,74,H
13,67,V
74,67,V
67,95,V
207,67,H
67,39,V
207,67,V
193,67,H
67,34,H
95,67,H
67,151,H
116,67,H
20,67,V
6,67,H
67,53,V
67,102,V
67,179,H
123,67,V
67,20,V
67,88,V
67,95,H
67,27,H
27,67,H
67,13,V
13,67,H
201,21,H
201,180,H
201,117,V
201,7,H
173,201,V
201,194,H
201,68,H
201,124,H
201,28,H
201,103,V
201,187,H
201,103,H
201,96,H
201,117,H
201,21,V
201,61,H
201,180,H
201,96,V
201,117,H
201,7,V
201,82,H
201,14,H
201,180,V
201,173,V
103,201,H
187,201,H
124,201,V
40,201,V
201,68,V
201,131,H
187,201,V
201,187,H
187,201,H
181,202,H
202,132,H
202,139,H
202,104,H
202,181,H
181,202,H
202,195,V
111,202,H
202,181,H
202,188,V
202,146,V
202,104,V
1,202,V
104,202,V
202,118,V
202,111,H
202,195,V
202,167,V
202,8,V
202,195,H
153,202,V
202,153,V
202,132,H
202,118,H
118,202,H
118,202,H
118,202,V
118,202,H
203,119,H
203,126,V
203,105,H
203,98,V
203,189,H
203,30,H
203,182,H
203,182,V
105,203,H
203,175,H
203,112,H
203,70,V
203,56,V
203,161,H
203,112,V
203,9,V
203,16,H
126,203,V
203,119,H
203,175,H
203,140,H
182,203,H
119,203,H
203,70,H
203,168,H
140,203,H
203,154,H
140,203,V
203,140,V
204,155,V
204,106,V
204,141,H
204,99,H
120,204,H
183,204,V
204,71,H
204,190,V
120,204,V
204,71,V
204,99,V
36,204,H
204,43,V
204,17,H
204,10,V
204,155,H
204,141,V
204,106,H
204,24,V
120,204,H
204,176,V
183,204,H
204,176,H
176,204,V
176,204,H
204,127,H
127,204,H
204,120,H
120,204,H
120,204,H
204,120,V
204,85,V
163,205,H
205,72,H
184,205,H
198,205,V
205,149,V
170,205,H
205,11,V
205,44,V
37,205,H
135,205,H
205,107,V
177,205,H
121,205,V
205,184,H
205,100,H
205,163,H
205,128,H
205,107,V
205,93,H
135,205,H
205,107,H
205,4,H
11,205,V
205,114,H
205,44,H
205,72,V
205,121,H
205,86,V
205,107,H
205,142,H
205,121,V
205,184,H
205,184,V
205,149,H
122,206,H
101,206,H
206,129,V
206,192,H
206,164,H
206,178,H
206,73,H
206,33,H
206,45,H
206,101,H
206,26,H
185,206,H
206,115,H
206,185,H
206,52,H
206,19,V
206,164,V
206,185,H
12,206,H
206,178,V
206,94,V
206,157,V
206,164,V
206,136,V
206,185,V
206,5,H
206,150,H
206,87,H
122,206,H
206,136,V
108,206,H
206,122,H
206,192,H
206,192,V
206,122,H
206,122,V
122,206,H
122,206,V
122,206,H
207,200,H
207,186,V
207,179,V
207,102,H
207,46,H
151,207,H
207,6,H
74,207,H
207,109,H
207,13,V
207,123,H
207,109,H
53,207,H
123,207,H
193,207,H
207,13,H
144,207,V
158,207,V
130,207,H
207,193,H
207,193,H
186,207,V
207,186,V
186,207,H
207,186,H
144,207,H
21,103,H
180,21,V
68,21,V
89,21,V
28,21,H
21,194,H
40,21,V
103,21,H
0,21,H
21,7,V
21,124,H
82,21,H
14,21,H
117,21,H
180,21,H
21,96,H
0,21,V
21,0,H
0,21,H
22,62,V
22,8,H
22,41,V
22,132,H
69,22,H
188,22,H
104,22,V
8,22,H
22,139,H
69,22,V
22,97,H
22,181,V
22,97,V
41,22,V
22,62,H
22,8,V
22,90,V
83,22,H
22,83,V
83,22,V
203,23,H
23,2,V
23,126,H
23,56,H
30,23,H
23,9,V
23,161,H
70,23,H
23,98,H
23,30,H
91,23,H
23,182,H
133,23,H
105,23,H
23,70,H
63,23,V
35,23,V
23,2,H
56,23,H
23,9,V
23,91,H
119,23,V
35,23,V
49,23,H
23,70,H
23,70,H
70,23,H
70,23,H
23,49,V
23,84,H
24,197,V
24,10,H
24,99,H
127,24,H
24,134,V
24,36,H
24,10,H
64,24,H
24,99,H
24,50,H
24,141,V
106,24,H
24,155,V
162,24,V
24,71,V
24,127,H
24,106,H
24,155,H
183,24,H
176,24,H
24,57,V
24,17,V
3,24,H
10,24,H
24,120,H
24,92,V
71,24,V
24,71,H
71,24,H
24,71,V
71,24,V
99,24,V
24,99,V
99,24,V
24,99,V
24,85,H
85,24,V
24,85,H
100,25,V
107,25,V
205,25,H
11,25,H
25,156,H
4,25,V
142,25,H
25,44,H
86,25,H
121,25,H
37,25,V
25,100,V
32,25,H
25,100,H
136,26,V
26,87,H
26,101,V
26,157,V
192,26,H
26,73,H
33,26,V
185,26,H
101,26,V
108,26,H
26,164,V
12,26,V
73,26,H
26,19,H
26,157,H
26,122,V
26,52,H
129,26,V
12,26,H
26,101,V
73,26,H
122,26,V
26,59,H
26,199,H
26,12,H
26,52,H
66,26,H
26,66,H
39,27,H
27,158,H
165,27,V
27,39,H
27,151,H
27,20,V
6,27,H
102,27,H
27,53,H
27,186,H
102,27,H
34,27,V
207,27,V
13,27,H
27,74,V
34,27,H
67,27,H
109,27,V
27,74,H
13,27,H
13,27,V
13,27,V
89,96,H
68,96,H
7,96,V
96,180,H
82,96,H
61,96,H
166,96,H
47,96,V
0,96,V
180,96,H
54,96,H
96,131,H
47,96,H
117,96,H
194,96,H
68,96,V
21,96,V
82,96,H
145,96,V
117,96,V
145,96,H
103,96,H
40,96,H
96,68,H
90,97,H
97,62,H
181,97,V
97,118,H
104,97,V
90,97,H
48,97,V
97,15,V
97,125,V
132,97,H
167,97,V
97,153,H
69,97,H
188,97,H
22,97,V
15,97,V
29,97,V
48,97,H
8,97,V
97,29,H
42,98,H
23,98,H
133,98,V
23,98,V
70,98,H
49,98,H
70,98,H
140,98,V
84,98,H
91,98,H
16,98,V
9,98,V
2,98,H
175,98,V
84,98,H
98,70,H
98,105,V
147,98,H
98,112,H
56,98,H
98,63,V
49,98,V
98,56,H
9,98,H
98,30,H
119,98,H
98,2,H
98,23,H
35,98,H
57,99,V
176,99,H
10,99,V
99,113,H
64,99,H
106,99,V
148,99,V
99,50,V
113,99,H
99,17,H
99,17,V
183,99,V
99,3,H
99,57,H
148,99,H
99,127,H
10,99,V
64,99,V
99,31,V
99,155,V
106,99,H
162,99,V
99,71,H
3,99,V
24,99,H
24,99,V
100,93,V
100,51,V
100,11,H
100,32,V
72,100,V
11,100,H
100,198,H
100,107,H
44,100,H
100,93,V
100,51,V
100,44,H
100,184,V
121,100,H
100,198,V
72,100,H
100,37,V
121,100,V
100,107,V
100,156,V
65,100,V
72,100,H
32,100,H
100,170,H
100,128,H
170,100,H
184,100,V
100,58,H
100,191,V
100,58,V
100,72,H
100,72,V
72,100,H
100,72,H
72,100,V
101,33,V
73,101,H
122,101,V
101,87,V
185,101,V
199,101,H
101,178,V
101,38,V
101,94,H
101,94,V
45,101,V
108,101,V
101,185,V
87,101,H
5,101,H
101,12,H
129,101,H
136,101,H
108,101,H
73,101,V
101,157,V
101,164,V
193,102,H
102,74,H
95,102,H
186,102,V
102,53,H
102,165,H
207,102,V
123,102,H
102,109,H
102,34,H
102,20,H
186,102,H
179,102,H
102,34,V
102,74,V
102,200,H
102,39,V
102,27,V
102,67,V
102,130,V
116,102,H
102,6,H
102,74,H
102,13,V
102,158,V
102,74,H
102,74,H
74,102,H
74,102,H
46,102,H
68,7,V
21,7,V
194,7,H
21,7,H
7,28,H
180,7,H
21,7,H
131,7,V
89,7,V
138,7,H
131,7,H
103,7,H
40,7,H
124,7,V
180,7,V
54,7,V
138,7,V
28,7,H
89,7,V
96,7,H
0,7,V
28,7,H
7,96,H
8,111,V
125,8,H
132,8,H
153,8,H
69,8,H
8,48,H
8,41,V
41,8,V
90,8,H
8,174,H
83,8,H
195,8,V
8,118,V
8,181,H
69,8,V
69,8,H
15,8,V
29,8,V
22,8,H
15,8,H
202,8,H
1,8,H
30,9,H
9,147,V
161,9,H
119,9,H
35,9,H
161,9,V
9,154,H
23,9,H
49,9,H
70,9,V
182,9,V
2,9,H
105,9,H
9,126,V
140,9,V
9,91,H
105,9,V
9,196,H
84,9,H
203,9,H
182,9,H
70,9,H
49,9,V
56,9,H
10,36,H
204,10,H
10,3,H
17,10,V
71,10,V
43,10,H
24,10,V
10,57,H
10,106,V
176,10,V
162,10,V
197,10,V
10,17,V
64,10,H
99,10,V
10,120,V
50,10,V
148,10,H
10,50,V
10,92,V
71,10,H
10,17,H
51,11,V
11,72,H
107,11,V
65,11,V
11,51,V
121,11,H
198,11,H
72,11,H
58,11,H
184,11,V
142,11,H
170,11,H
11,121,H
25,11,H
25,11,H
184,11,H
11,163,H
11,177,V
11,37,H
11,25,H
11,4,H
11,100,H
11,44,V
11,44,V
11,4,V
11,4,V
11,72,V
11,72,V
11,72,H
11,72,H
142,11,H
12,87,H
12,59,H
12,26,H
12,94,H
199,12,H
87,12,H
12,122,H
12,108,V
12,101,V
206,12,H
12,185,V
45,12,V
12,122,V
19,12,V
66,12,H
12,101,H
12,157,V
136,12,H
12,108,H
185,12,V
12,73,V
12,73,H
12,73,H
12,73,V
12,73,V
12,66,H
66,12,H
12,66,H
143,12,H
143,12,H
12,143,H
13,53,H
13,186,H
74,13,V
13,102,V
27,13,H
13,20,H
34,13,H
151,13,V
13,88,H
13,158,H
13,46,H
137,13,H
13,172,V
13,165,H
13,39,H
179,13,H
13,27,V
13,109,H
13,116,V
46,13,H
13,74,V
186,13,H
74,13,V
74,13,H
13,27,H
13,67,V
13,144,H
117,14,V
40,117,V
117,54,H
117,28,V
117,110,H
180,117,H
61,117,H
117,180,H
159,117,V
47,117,H
117,68,H
117,180,V
103,117,H
117,131,V
138,117,H
89,117,H
117,68,V
117,159,H
117,82,V
117,159,V
117,145,H
117,103,H
28,117,V
117,103,H
117,103,H
103,117,H
117,103,H
173,117,V
173,117,H
118,111,V
118,188,V
118,181,H
118,181,V
118,202,H
118,41,V
202,118,H
181,118,H
118,104,H
118,41,H
118,160,H
181,118,V
118,104,V
118,83,H
83,118,H
22,118,H
118,29,V
146,118,V
146,118,H
153,118,H
104,118,V
118,174,H
118,174,H
118,174,V
202,118,H
83,118,V
83,118,H
70,119,V
119,16,V
119,140,H
42,119,H
119,182,H
119,133,H
119,196,V
119,154,H
119,196,H
119,203,H
119,182,V
98,119,H
119,161,V
119,105,H
105,119,H
154,119,H
9,119,H
133,119,H
119,112,H
105,119,H
119,49,V
119,126,H
119,30,V
49,119,V
119,133,V
119,182,H
119,182,H
119,182,V
182,119,H
182,119,V
189,119,H
113,120,H
120,162,H
120,99,H
148,120,H
120,106,H
120,134,H
127,120,H
120,92,H
120,204,V
134,120,H
106,120,H
99,120,H
120,113,H
120,190,H
120,106,H
176,120,H
120,169,H
120,169,V
120,190,V
120,148,H
121,107,H
191,121,V
121,44,V
184,121,V
107,121,H
142,121,V
121,51,H
198,121,H
121,170,V
142,121,H
177,121,H
121,163,H
170,121,H
121,135,H
121,142,H
72,121,H
121,114,H
51,121,H
121,198,V
121,149,H
121,177,H
128,121,H
149,121,V
121,86,H
184,121,V
25,121,H
122,108,H
185,122,H
5,122,H
192,122,H
73,122,H
122,192,V
122,73,H
122,129,H
122,150,V
122,108,H
122,52,V
122,185,H
122,101,H
143,122,H
122,199,H
199,122,H
150,122,H
122,33,V
122,66,V
19,122,H
122,108,V
171,122,H
122,178,V
122,143,H
123,60,V
123,165,H
123,151,V
95,123,V
20,123,H
123,186,H
27,123,V
123,109,V
123,53,V
123,200,H
123,74,V
186,123,V
123,46,H
74,123,V
123,116,H
123,193,H
123,130,H
27,123,H
123,13,H
102,123,H
123,158,H
165,123,H
130,123,V
186,123,H
123,193,V
165,123,H
123,109,V
123,116,V
186,123,H
123,186,H
186,123,H
103,180,V
117,180,H
180,166,H
180,166,V
180,145,V
82,180,V
124,180,H
103,180,H
180,131,V
180,103,V
173,180,V
54,180,V
145,180,H
159,180,H
180,159,H
180,40,H
54,180,H
180,68,H
194,180,H
180,145,H
188,181,H
181,69,H
153,181,H
146,181,H
181,160,V
139,181,H
188,181,H
132,181,H
62,181,H
181,153,V
104,181,H
104,181,V
182,16,V
182,70,V
126,182,V
105,182,V
126,182,H
182,49,H
182,63,H
182,133,H
182,42,H
182,2,V
147,182,V
182,35,H
105,182,H
182,140,H
98,182,H
182,161,H
182,112,H
23,182,V
189,182,H
105,182,H
189,182,V
119,182,V
148,183,H
183,127,V
183,106,H
183,43,H
183,190,V
183,71,H
183,36,H
162,183,V
183,92,H
24,183,H
183,190,H
120,183,H
183,155,H
71,183,H
120,183,V
183,31,H
183,127,H
183,204,H
183,176,V
183,10,H
183,162,H
183,31,V
183,99,H
183,17,H
183,92,V
183,10,V
36,183,H
183,155,V
106,183,H
127,183,V
156,184,V
184,51,H
184,191,H
184,163,H
184,107,V
198,184,V
184,86,H
93,184,H
184,121,H
142,184,V
184,25,H
184,177,H
18,184,H
184,32,H
128,184,V
184,163,V
149,184,H
184,107,V
184,93,H
184,177,V
177,184,H
149,184,V
184,149,H
184,149,H
108,185,V
185,171,V
38,185,V
192,185,H
52,185,V
185,59,H
185,52,V
19,185,H
185,199,H
185,171,H
185,157,H
108,185,H
185,150,H
73,185,V
185,136,H
185,157,V
185,33,H
185,164,V
185,59,V
73,185,H
185,122,H
185,171,H
143,185,H
74,186,H
186,207,V
186,46,H
186,123,H
186,95,V
193,186,V
88,186,H
46,186,H
186,172,H
74,186,V
207,186,H
186,158,H
186,109,H
130,186,H
186,109,H
20,186,V
186,123,V
207,186,H
207,186,V
68,96,H
68,7,H
68,138,H
68,61,V
68,47,H
54,68,V
152,68,H
159,68,H
103,68,H
47,68,V
68,124,H
68,28,H
103,68,V
54,68,H
21,68,H
89,68,H
68,89,H
68,89,H
1,69,H
69,29,V
202,69,H
69,195,V
69,62,V
188,69,V
69,160,V
139,69,V
69,29,H
69,118,H
146,69,H
41,69,V
69,97,V
29,69,H
1,69,V
69,48,H
41,69,H
84,70,V
140,70,H
70,168,V
9,70,V
70,105,H
70,189,V
70,91,V
140,70,V
70,98,V
56,70,H
9,70,H
70,35,H
70,42,H
105,70,H
42,70,H
70,161,H
70,30,H
63,70,V
155,71,H
106,71,H
71,57,H
71,50,V
71,17,V
71,176,H
99,71,H
120,71,V
71,99,H
190,71,H
71,92,V
71,31,V
120,71,H
197,71,H
190,71,V
3,71,H
64,71,H
24,71,H
99,71,V
17,71,H
148,71,H
71,106,H
71,64,H
127,71,V
71,24,V
24,71,V
24,71,H
65,72,H
72,25,H
72,51,H
72,107,H
72,25,V
93,72,H
72,32,V
72,4,V
72,18,H
72,25,H
72,128,H
72,142,H
191,72,H
44,72,H
107,72,H
121,72,H
72,86,H
72,32,H
72,37,V
51,72,V
72,37,H
72,100,H
73,52,V
73,199,V
38,73,H
73,171,H
12,73,H
115,73,H
73,192,V
66,73,V
73,157,H
206,73,V
73,129,H
52,73,H
52,73,V
73,38,H
73,178,H
73,59,V
94,73,V
143,73,V
73,5,H
66,73,H
73,108,H
101,73,V
73,33,H
73,19,V
66,73,H
101,73,H
73,45,H
73,45,V
12,73,H
74,102,H
74,60,V
74,6,H
200,74,V
137,74,H
144,74,H
74,88,H
95,74,V
116,74,V
74,53,H
74,109,H
74,67,H
207,74,H
74,60,V
102,74,H
194,103,H
124,103,H
103,28,H
40,103,H
103,166,H
103,7,V
103,124,H
103,173,H
180,103,H
103,28,V
103,40,H
145,103,H
82,103,H
103,61,H
103,173,V
131,103,H
117,103,V
195,104,V
132,104,V
104,48,V
104,160,H
188,104,H
104,181,V
8,104,V
188,104,V
62,104,H
153,104,H
104,153,V
91,105,H
84,105,H
105,16,H
133,105,H
105,23,V
112,105,V
105,154,V
105,182,V
105,2,H
42,105,H
98,105,H
105,147,H
105,189,H
105,119,V
105,203,H
105,126,H
105,140,H
140,105,V
140,105,H
106,113,V
106,57,V
162,106,V
141,106,V
106,155,V
134,106,H
127,106,H
64,106,V
162,106,V
127,106,H
106,92,V
106,148,H
106,17,H
204,106,V
190,106,H
183,106,H
51,107,H
107,198,H
107,135,V
184,107,H
4,107,H
107,170,V
149,107,H
44,107,H
18,107,H
121,107,V
121,107,H
135,107,V
198,107,V
107,198,V
184,107,H
128,107,H
177,107,V
107,170,H
108,185,H
164,108,H
206,108,H
150,108,V
206,108,V
129,108,H
192,108,H
122,108,V
108,19,H
73,108,V
26,108,H
108,66,H
136,108,H
38,108,H
38,108,V
87,108,H
108,59,H
108,157,V
136,108,V
109,46,V
88,109,V
186,109,V
179,109,H
109,179,H
74,109,V
109,151,V
144,109,H
109,95,H
109,151,H
109,165,H
109,144,H
116,109,V
193,109,V
102,109,V
109,172,V
200,109,V
130,109,H
109,88,V
109,123,V
